sha,html_url,repo,committer_login
890f1bd3b5c1e207e7274879e2dbfd23d7770524,https://github.com/iProgrammerDmytro/health-coaching-agentic/commit/890f1bd3b5c1e207e7274879e2dbfd23d7770524,iProgrammerDmytro/health-coaching-agentic,iProgrammerDmytro
5f28f032f97b0640fe4c2f29fc480e9d90fcf207,https://github.com/pupiltree/workflow-automation/commit/5f28f032f97b0640fe4c2f29fc480e9d90fcf207,pupiltree/workflow-automation,
5f96b3c650aab2964b6bfca01c22330183aef9a6,https://github.com/cds-9-group-6/sasya-arogya-engine/commit/5f96b3c650aab2964b6bfca01c22330183aef9a6,cds-9-group-6/sasya-arogya-engine,techmoksha
f721f354ee6012edc6b8153994c4de6fedda5a8d,https://github.com/jeongsk/langchain-academy/commit/f721f354ee6012edc6b8153994c4de6fedda5a8d,jeongsk/langchain-academy,jeongsk
f122e9be8eba4f67d95e1d41ea96369e6f3d513b,https://github.com/jeongsk/langchain-academy/commit/f122e9be8eba4f67d95e1d41ea96369e6f3d513b,jeongsk/langchain-academy,jeongsk
4dc206e92ddbc060ad08ad42ffe2d8f2e5f59589,https://github.com/jooola/earhorn/commit/4dc206e92ddbc060ad08ad42ffe2d8f2e5f59589,jooola/earhorn,web-flow
c651eb3e0018dcb44317dd1f5bd995f649586985,https://github.com/hassan-2079/OmniForge-AI/commit/c651eb3e0018dcb44317dd1f5bd995f649586985,hassan-2079/OmniForge-AI,web-flow
9c8b72ee4b872228e9eb4c3cb489cf9da5b02163,https://github.com/alexhouse-ua/ShelfHelp/commit/9c8b72ee4b872228e9eb4c3cb489cf9da5b02163,alexhouse-ua/ShelfHelp,alexhouse-ua
1fe3efdef08f602890c311a9014e0ac83fc611bb,https://github.com/bilalmalikx/langGraph-completebasics-to-advance/commit/1fe3efdef08f602890c311a9014e0ac83fc611bb,bilalmalikx/langGraph-completebasics-to-advance,bilalmalikx
fd6dffa35aa62265b2505e3a4e4b4f130f87ed4b,https://github.com/BomfimThiago/ZendeskiAgentAutomation/commit/fd6dffa35aa62265b2505e3a4e4b4f130f87ed4b,BomfimThiago/ZendeskiAgentAutomation,web-flow
7743f0c41f18199a091625ec45905fed714d1e42,https://github.com/codemonkey800/lilnas/commit/7743f0c41f18199a091625ec45905fed714d1e42,codemonkey800/lilnas,codemonkey800
7b6ac2a7117fba532397692f80f7ee6b10f9a45b,https://github.com/Dtano17/pathwise_app/commit/7b6ac2a7117fba532397692f80f7ee6b10f9a45b,Dtano17/pathwise_app,Dtano17
7e4670094d0cd943e5eac928352881126862a350,https://github.com/Dtano17/pathwise_app/commit/7e4670094d0cd943e5eac928352881126862a350,Dtano17/pathwise_app,Dtano17
6022e9d41bd5fefe70ada92af0696de8f13d509e,https://github.com/evekeen/evals-for-ai-assisted-engineering/commit/6022e9d41bd5fefe70ada92af0696de8f13d509e,evekeen/evals-for-ai-assisted-engineering,evekeen
ba12613265b7a9918d34fb92ddb9ac731a66a433,https://github.com/guinacio/langchain-mcp-client/commit/ba12613265b7a9918d34fb92ddb9ac731a66a433,guinacio/langchain-mcp-client,guinacio
138ed76df1d7945b533512481b8e3e3cb1118604,https://github.com/H0rizon-AI/dynoGraph/commit/138ed76df1d7945b533512481b8e3e3cb1118604,H0rizon-AI/dynoGraph,web-flow
dbb3944f97610a31ecd9743b39b8c79a19b8f5db,https://github.com/H0rizon-AI/dynoGraph/commit/dbb3944f97610a31ecd9743b39b8c79a19b8f5db,H0rizon-AI/dynoGraph,web-flow
48bba1aa1d2c3771832b396d1945c99cc941c097,https://github.com/henryhobes/TheFranchise/commit/48bba1aa1d2c3771832b396d1945c99cc941c097,henryhobes/TheFranchise,henryhobes
e43bc2dee110749a88a3155f19c8eec070471b19,https://github.com/Jem-HR/jem-it-indaba-chatbot/commit/e43bc2dee110749a88a3155f19c8eec070471b19,Jem-HR/jem-it-indaba-chatbot,Jem-HR
17183e992f6dab9f9f523143dc6403230e5f6a5f,https://github.com/JochenWeerda/VALEO-NeuroERP-3.0/commit/17183e992f6dab9f9f523143dc6403230e5f6a5f,JochenWeerda/VALEO-NeuroERP-3.0,JochenWeerda
9de63038d6981c6aca3c7953bedaee3a706a33bc,https://github.com/jscraik/Cortex-OS/commit/9de63038d6981c6aca3c7953bedaee3a706a33bc,jscraik/Cortex-OS,jscraik
48ef63c0aadcac43da5ab40726ae8f9f9c4a6b5e,https://github.com/jscraik/Cortex-OS/commit/48ef63c0aadcac43da5ab40726ae8f9f9c4a6b5e,jscraik/Cortex-OS,jscraik
68f6f0cf44661c46be4deadf80f10c3c56c88d6d,https://github.com/Kewton/MySwiftAgent/commit/68f6f0cf44661c46be4deadf80f10c3c56c88d6d,Kewton/MySwiftAgent,Kewton
29df8713fe9bd48c82168ead2ddc02142cdc4426,https://github.com/kisinad/langgraph-mem0-ai-social-media-manager/commit/29df8713fe9bd48c82168ead2ddc02142cdc4426,kisinad/langgraph-mem0-ai-social-media-manager,kisinad
cf94df222df1fb712bede286a7f37f83e77cf0be,https://github.com/kostchei/belisarius/commit/cf94df222df1fb712bede286a7f37f83e77cf0be,kostchei/belisarius,kostchei
cf13775204511b3ff19ad81aa1a500c8deb23f55,https://github.com/launchdarkly-labs/devrel-agents-tutorial/commit/cf13775204511b3ff19ad81aa1a500c8deb23f55,launchdarkly-labs/devrel-agents-tutorial,web-flow
695e79f3eb8f74c8082cfd7c5710802733cdb251,https://github.com/liam-hq/liam/commit/695e79f3eb8f74c8082cfd7c5710802733cdb251,liam-hq/liam,liam-hq
7c38fdd159b1600511ea90891b1b10a3dda0a724,https://github.com/mirjebreili/Agentic-Router/commit/7c38fdd159b1600511ea90891b1b10a3dda0a724,mirjebreili/Agentic-Router,mirjebreili
1774562f39a167d621effad922976723a21803f1,https://github.com/ovokpus/InvestigatorAI/commit/1774562f39a167d621effad922976723a21803f1,ovokpus/InvestigatorAI,ovokpus
a11d83969234368fd6c7a4a3118a23177b5e7ec8,https://github.com/parth1609/RAGveda/commit/a11d83969234368fd6c7a4a3118a23177b5e7ec8,parth1609/RAGveda,parth1609
f512351755d9fdf527dc12903072e2454d1dc19b,https://github.com/ppijbb/mcp_agent/commit/f512351755d9fdf527dc12903072e2454d1dc19b,ppijbb/mcp_agent,ppijbb
6a5955e196dc37777c5335d2639406eeb35a7b84,https://github.com/RonnyRoos/cerebrobot/commit/6a5955e196dc37777c5335d2639406eeb35a7b84,RonnyRoos/cerebrobot,RonnyRoos
5739c94857bda4e3872d22ee5fb0ce71bfbc0580,https://github.com/RonnyRoos/cerebrobot/commit/5739c94857bda4e3872d22ee5fb0ce71bfbc0580,RonnyRoos/cerebrobot,RonnyRoos
818d728d22511603d5815d473fe178d652a3ab79,https://github.com/RunLittleTurtle/agent_inbox/commit/818d728d22511603d5815d473fe178d652a3ab79,RunLittleTurtle/agent_inbox,RunLittleTurtle
be9892361fcab9b8c23be33f842e407e842a5304,https://github.com/RunLittleTurtle/agent_inbox/commit/be9892361fcab9b8c23be33f842e407e842a5304,RunLittleTurtle/agent_inbox,RunLittleTurtle
298547cd1cb3e6ddffdd447229bc0d322d76950d,https://github.com/SAGE-X-project/sage-adk/commit/298547cd1cb3e6ddffdd447229bc0d322d76950d,SAGE-X-project/sage-adk,web-flow
80bbd0210bd0f88176be1aa6b64107fc51cf9c6c,https://github.com/skyscope-sentinel/Skyscope-AI-Agent-Run-Business/commit/80bbd0210bd0f88176be1aa6b64107fc51cf9c6c,skyscope-sentinel/Skyscope-AI-Agent-Run-Business,web-flow
c8b96a231470d0a490371be61fcd7600248e2afd,https://github.com/solanovisitor/hacs-ai/commit/c8b96a231470d0a490371be61fcd7600248e2afd,solanovisitor/hacs-ai,solanovisitor
259e22d9b8ebd1d5361ae4a0e1193e7f1c82cfad,https://github.com/stackitcloud/rag-template/commit/259e22d9b8ebd1d5361ae4a0e1193e7f1c82cfad,stackitcloud/rag-template,web-flow
6512f58e7c04d36380c8eee0b17060df228ccb3a,https://github.com/the-ebdm/agent-view/commit/6512f58e7c04d36380c8eee0b17060df228ccb3a,the-ebdm/agent-view,the-ebdm
3b6f9626e9fe5d060e4f8bfb5a312c0d495c481f,https://github.com/JoshuaC215/agent-service-toolkit/commit/3b6f9626e9fe5d060e4f8bfb5a312c0d495c481f,JoshuaC215/agent-service-toolkit,aperkins1310
26a8e8f086a5dc5808a2137e9c3613a87b732f05,https://github.com/theinterneti/TTA/commit/26a8e8f086a5dc5808a2137e9c3613a87b732f05,theinterneti/TTA,web-flow
4f19d0db261ec573214bb5b154c2aa6a71dc88e0,https://github.com/thoxly/fin-u-ch/commit/4f19d0db261ec573214bb5b154c2aa6a71dc88e0,thoxly/fin-u-ch,thoxly
96080168112972b9770891a67ef396411e458652,https://github.com/thoxly/fin-u-ch/commit/96080168112972b9770891a67ef396411e458652,thoxly/fin-u-ch,thoxly
af1ffe210017104c16692e709ad6f47d2385a828,https://github.com/thoxly/fin-u-ch/commit/af1ffe210017104c16692e709ad6f47d2385a828,thoxly/fin-u-ch,thoxly
d4f6f2d1c7a7f717f4e7ffed3b5802c46cc3232d,https://github.com/thoxly/fin-u-ch/commit/d4f6f2d1c7a7f717f4e7ffed3b5802c46cc3232d,thoxly/fin-u-ch,thoxly
ca898a59e393128effd13e7124ea86b6d84ce087,https://github.com/tnorlund/Portfolio/commit/ca898a59e393128effd13e7124ea86b6d84ce087,tnorlund/Portfolio,tnorlund
e657c392022c1b4decb84deefe6e0b120f857338,https://github.com/universal-tool-calling-protocol/utcp-examples/commit/e657c392022c1b4decb84deefe6e0b120f857338,universal-tool-calling-protocol/utcp-examples,web-flow
b9f994f27f818cd86f575f4bc5f71bb81a251c68,https://github.com/Yoni-Raich/Article_Chat_Assignmentm/commit/b9f994f27f818cd86f575f4bc5f71bb81a251c68,Yoni-Raich/Article_Chat_Assignmentm,Yoni-Raich
6a388889593299adbe5e845fb7db5dc718548efa,https://github.com/ZeroBranding/GCZ-MAIN/commit/6a388889593299adbe5e845fb7db5dc718548efa,ZeroBranding/GCZ-MAIN,ZeroBranding
853b065dcad65c34b7fb844e953e902eb2b10170,https://github.com/zhound420/bytebot-hawkeye-holo/commit/853b065dcad65c34b7fb844e953e902eb2b10170,zhound420/bytebot-hawkeye-holo,zhound420
e356db4a07d03bdc47ce3adbadd1ee98b9ec609d,https://github.com/vishnu2kmohan/mcp-server-langgraph/commit/e356db4a07d03bdc47ce3adbadd1ee98b9ec609d,vishnu2kmohan/mcp-server-langgraph,vishnu2kmohan
c373419d444a224aaf561b032ba5446e00138286,https://github.com/JaymieX/JAA/commit/c373419d444a224aaf561b032ba5446e00138286,JaymieX/JAA,JaymieX
bb756f1a530fca21f16cd099085eb6f28bd4e577,https://github.com/nooikko/emily/commit/bb756f1a530fca21f16cd099085eb6f28bd4e577,nooikko/emily,
0534db6c6c0e7c86e6833a042f6b64579f2ef5c2,https://github.com/unfoldingWord/bt-servant-engine/commit/0534db6c6c0e7c86e6833a042f6b64579f2ef5c2,unfoldingWord/bt-servant-engine,web-flow
add4b822fa30d7efd971a98a359467282a8772d5,https://github.com/roberto-inf/building-llm-applications/commit/add4b822fa30d7efd971a98a359467282a8772d5,roberto-inf/building-llm-applications,web-flow
a3a63d20163be27a3ae80e1b9d30d4774cca5b5b,https://github.com/MehdiZare/fmp-data/commit/a3a63d20163be27a3ae80e1b9d30d4774cca5b5b,MehdiZare/fmp-data,web-flow
0c7da776f8d21552c146ff2c36794098e0e3cbac,https://github.com/aucontraire/cognivault/commit/0c7da776f8d21552c146ff2c36794098e0e3cbac,aucontraire/cognivault,web-flow
f56c8469da9e8a2238c2c19eebf22daedfd68e59,https://github.com/ykinger/Buildsure-be/commit/f56c8469da9e8a2238c2c19eebf22daedfd68e59,ykinger/Buildsure-be,nimamo
d204641d2e9d79c19eafaafd7a7ea57c61a2dd74,https://github.com/BriamV/AI-Doc-Editor/commit/d204641d2e9d79c19eafaafd7a7ea57c61a2dd74,BriamV/AI-Doc-Editor,web-flow
22cdc8d3c92f6f2b3d5ecb7920a7b8ce57caa932,https://github.com/zk/3pio/commit/22cdc8d3c92f6f2b3d5ecb7920a7b8ce57caa932,zk/3pio,web-flow
6e15160dd3087529791523442a64312ab4e23f59,https://github.com/DataDog/serverless-gcp-sample-apps/commit/6e15160dd3087529791523442a64312ab4e23f59,DataDog/serverless-gcp-sample-apps,web-flow
b53e2f205f0cb31ed25de550b8a0ab19c7d53525,https://github.com/chottokun/MochiRAG/commit/b53e2f205f0cb31ed25de550b8a0ab19c7d53525,chottokun/MochiRAG,chottokun
8108951369a79d1ed04b08998697c87d5a6e3f9d,https://github.com/aruizca/aruizca-resume/commit/8108951369a79d1ed04b08998697c87d5a6e3f9d,aruizca/aruizca-resume,aruizca-appfire
abda0484232f2ff955c013e56238f828600585f2,https://github.com/maomaofeipu/deepChat/commit/abda0484232f2ff955c013e56238f828600585f2,maomaofeipu/deepChat,web-flow
d00eef9f2be1ff670e79cebb0018e0bf2a3b43f5,https://github.com/daviswhitehead/chef-chopsky/commit/d00eef9f2be1ff670e79cebb0018e0bf2a3b43f5,daviswhitehead/chef-chopsky,web-flow
b54e744612e4dcec103a0f0aebc6da179c536ae1,https://github.com/CelestoAI/agentor/commit/b54e744612e4dcec103a0f0aebc6da179c536ae1,CelestoAI/agentor,web-flow
37e2220862e400f9ff4482db8e753dc0e8c6055c,https://github.com/pinetops/track_upstream/commit/37e2220862e400f9ff4482db8e753dc0e8c6055c,pinetops/track_upstream,pinetops
a116793c2e22d3f93d7550ebf22ec2c46a3ccbc8,https://github.com/TencentBlueKing/bk-lite/commit/a116793c2e22d3f93d7550ebf22ec2c46a3ccbc8,TencentBlueKing/bk-lite,xiaomaijiang
302dd1a14ee34537ce97155ea26e6225ea01b82e,https://github.com/huizongsong/deepchat/commit/302dd1a14ee34537ce97155ea26e6225ea01b82e,huizongsong/deepchat,web-flow
b6cbfe207c09b5bcf199d744abe86c4d01991ec3,https://github.com/Arocial/aroxis/commit/b6cbfe207c09b5bcf199d744abe86c4d01991ec3,Arocial/aroxis,
0787cc8351354dc2206c73631fb9ff75ab813337,https://github.com/abhayra12/Gen-AI-Roadmap/commit/0787cc8351354dc2206c73631fb9ff75ab813337,abhayra12/Gen-AI-Roadmap,abhayra12
d013189ffc8e17e1d7998189a953cd1602324e25,https://github.com/astrosumit-051/followup/commit/d013189ffc8e17e1d7998189a953cd1602324e25,astrosumit-051/followup,web-flow
e7b6880ed73efac40420569d2fb8c719ffe73ce0,https://github.com/itzbhushan/ez-scheduler/commit/e7b6880ed73efac40420569d2fb8c719ffe73ce0,itzbhushan/ez-scheduler,web-flow
e4e982481b0b3963e111359982176a1581417e88,https://github.com/itzbhushan/ez-scheduler/commit/e4e982481b0b3963e111359982176a1581417e88,itzbhushan/ez-scheduler,web-flow
d71f9632ec60eab04100d0a35170e28e182e3618,https://github.com/enai-computer/enai/commit/d71f9632ec60eab04100d0a35170e28e182e3618,enai-computer/enai,curranmichael
28ef13b85192cf68e08bffa3ed5163e0e4ed2bd1,https://github.com/heumlabs/gift-tax-agent/commit/28ef13b85192cf68e08bffa3ed5163e0e4ed2bd1,heumlabs/gift-tax-agent,web-flow
bd1eaddcb610d3a53a1128d1c3dbedfcc8106220,https://github.com/epklein/ai-agents/commit/bd1eaddcb610d3a53a1128d1c3dbedfcc8106220,epklein/ai-agents,epklein
df613f32ad6c90deb373ca309597a7beeaa16a44,https://github.com/itzbhushan/ez-scheduler/commit/df613f32ad6c90deb373ca309597a7beeaa16a44,itzbhushan/ez-scheduler,web-flow
b635026457feace1e0167b75c2e11f715975f967,https://github.com/itzbhushan/ez-scheduler/commit/b635026457feace1e0167b75c2e11f715975f967,itzbhushan/ez-scheduler,web-flow
d564905c3e8708de390d6307280b4049b6a04fe2,https://github.com/Neuroca-Inc/Neuroca/commit/d564905c3e8708de390d6307280b4049b6a04fe2,Neuroca-Inc/Neuroca,web-flow
9f9ab31eb160425c6524393dc9f0c96f3a6b39a9,https://github.com/HuskyDanny/FinancialAgent/commit/9f9ab31eb160425c6524393dc9f0c96f3a6b39a9,HuskyDanny/FinancialAgent,HuskyDanny
61cb43cdcb98f664605dcfb3d052f070fb7a2bcd,https://github.com/JSONbored/claudepro-directory/commit/61cb43cdcb98f664605dcfb3d052f070fb7a2bcd,JSONbored/claudepro-directory,web-flow
c67b8bf1114496a0dca750cabf8f33137e7cf144,https://github.com/JSONbored/claudepro-directory/commit/c67b8bf1114496a0dca750cabf8f33137e7cf144,JSONbored/claudepro-directory,web-flow
9deb315958bfec48ceaed53bf7a38df09d7540c6,https://github.com/JSONbored/claudepro-directory/commit/9deb315958bfec48ceaed53bf7a38df09d7540c6,JSONbored/claudepro-directory,web-flow
52ea1a6fcdbfc48d4cd71a00bf6ee28f543a20e0,https://github.com/JSONbored/claudepro-directory/commit/52ea1a6fcdbfc48d4cd71a00bf6ee28f543a20e0,JSONbored/claudepro-directory,web-flow
4ae30a16abb62f8e389221444459675fdf61c722,https://github.com/JSONbored/claudepro-directory/commit/4ae30a16abb62f8e389221444459675fdf61c722,JSONbored/claudepro-directory,web-flow
7600564b2048f95d4e1e7e22ad67a0417cade07d,https://github.com/cds-9-group-6/sasya-chikitsa/commit/7600564b2048f95d4e1e7e22ad67a0417cade07d,cds-9-group-6/sasya-chikitsa,web-flow
86c356436e6468ffd7ae102120a9b2b876ebc577,https://github.com/DevDeividMoura/omni-max/commit/86c356436e6468ffd7ae102120a9b2b876ebc577,DevDeividMoura/omni-max,DevDeividMoura
5a2d42957ac7f69d98642e7e858373c9e584d260,https://github.com/rudihinds/langgraph-agent/commit/5a2d42957ac7f69d98642e7e858373c9e584d260,rudihinds/langgraph-agent,rudihinds
c48f5a501fab111b99240417b47f944403e5c0d7,https://github.com/bridge25/dt-rag/commit/c48f5a501fab111b99240417b47f944403e5c0d7,bridge25/dt-rag,web-flow
0ad71e1993b2e1361290dc93d5d04a11b66c8bdf,https://github.com/aandmaldonado/ai-resume-agent/commit/0ad71e1993b2e1361290dc93d5d04a11b66c8bdf,aandmaldonado/ai-resume-agent,web-flow
103fea4d62285df541f6f015b0fa20a14646b447,https://github.com/byerlikaya/SmartRAG/commit/103fea4d62285df541f6f015b0fa20a14646b447,byerlikaya/SmartRAG,web-flow
b4967b24d390be914b69875e08a9a1221e5edf97,https://github.com/astrosumit-051/followup/commit/b4967b24d390be914b69875e08a9a1221e5edf97,astrosumit-051/followup,web-flow
f53d33f64477f4393f87af4d9af6e3f482df9555,https://github.com/idvorkin/nlp/commit/f53d33f64477f4393f87af4d9af6e3f482df9555,idvorkin/nlp,idvorkin
bc0cd8bf9f092baf2fc2018093916ca8e779627e,https://github.com/ESSSoWhat/PlayaTewsIdentityMasker/commit/bc0cd8bf9f092baf2fc2018093916ca8e779627e,ESSSoWhat/PlayaTewsIdentityMasker,web-flow
c1aa0dfdfcd7f696c255bd6f026ce1bf786c0353,https://github.com/oxsecurity/megalinter/commit/c1aa0dfdfcd7f696c255bd6f026ce1bf786c0353,oxsecurity/megalinter,web-flow
ada548dd5d1b8b1ed889fbf3263c53817c87a285,https://github.com/kunnath/IntelligentBrowser/commit/ada548dd5d1b8b1ed889fbf3263c53817c87a285,kunnath/IntelligentBrowser,web-flow
64929a38b50ac4e684b95aec7f9bbf1b9958ef71,https://github.com/jean-humann/docs-to-pdf/commit/64929a38b50ac4e684b95aec7f9bbf1b9958ef71,jean-humann/docs-to-pdf,web-flow
aaaaed1e59350786ae42268053727bc20249da83,https://github.com/Tetsuro-Copa/langflow/commit/aaaaed1e59350786ae42268053727bc20249da83,Tetsuro-Copa/langflow,web-flow
0a2b9f471c2e47616a222056553fc2f4ceb2bbc8,https://github.com/deadlock-mod-manager/deadlock-mod-manager/commit/0a2b9f471c2e47616a222056553fc2f4ceb2bbc8,deadlock-mod-manager/deadlock-mod-manager,web-flow
c292a141fdcc4b93114682e25e98f4d8fc0eb1e7,https://github.com/davicaetano/synapse/commit/c292a141fdcc4b93114682e25e98f4d8fc0eb1e7,davicaetano/synapse,davicaetano
341499cb55a19a83f71a2868959ec475ebe565fb,https://github.com/IBM/ibmi-mcp-server/commit/341499cb55a19a83f71a2868959ec475ebe565fb,IBM/ibmi-mcp-server,web-flow
4547281a749d68104f76146eb267d39fd2a83de0,https://github.com/anny-whatever/frappeDocChat/commit/4547281a749d68104f76146eb267d39fd2a83de0,anny-whatever/frappeDocChat,anny-whatever
ff63d14a5d418547a30a2db73144c65c495274ce,https://github.com/jituhooda/langflow/commit/ff63d14a5d418547a30a2db73144c65c495274ce,jituhooda/langflow,web-flow
447a09ce9a9e4c98ea60d0eb051e01a3cf973bab,https://github.com/ckrough/file-classifier/commit/447a09ce9a9e4c98ea60d0eb051e01a3cf973bab,ckrough/file-classifier,ckrough
963722943a6f7d09976f7005a76db616e8462fcf,https://github.com/Lokesh-Tallapaneni/Amazon-Affliate-Dashboard/commit/963722943a6f7d09976f7005a76db616e8462fcf,Lokesh-Tallapaneni/Amazon-Affliate-Dashboard,Lokesh-Tallapaneni
11239e811727345d145e0ad3e8ca6630d3a0d4d6,https://github.com/sadiqabbas192/rag-for-hq-books/commit/11239e811727345d145e0ad3e8ca6630d3a0d4d6,sadiqabbas192/rag-for-hq-books,sadiqabbas192
c42f3297481c06ec88227976f070493dc1056ce0,https://github.com/Walkover-Web-Solution/AI-middleware/commit/c42f3297481c06ec88227976f070493dc1056ce0,Walkover-Web-Solution/AI-middleware,web-flow
1c8af2e6f83b7df7262df8995f641f5d02828dce,https://github.com/Walkover-Web-Solution/AI-middleware/commit/1c8af2e6f83b7df7262df8995f641f5d02828dce,Walkover-Web-Solution/AI-middleware,web-flow
7f89d38b161926a5bca0f1c5a23accaf1b6d6d36,https://github.com/Walkover-Web-Solution/AI-middleware/commit/7f89d38b161926a5bca0f1c5a23accaf1b6d6d36,Walkover-Web-Solution/AI-middleware,web-flow
de6c20234bb3876bf69a4539642d6134689903b2,https://github.com/verida/data-connector-server/commit/de6c20234bb3876bf69a4539642d6134689903b2,verida/data-connector-server,web-flow
3a33cd649afd0b0f3df97778df0e5030efc8bc9f,https://github.com/verida/data-connector-server/commit/3a33cd649afd0b0f3df97778df0e5030efc8bc9f,verida/data-connector-server,web-flow
15782fb61cc88b0fb863043aedf7c618102d08b7,https://github.com/OSU-BMBL/BioMANIA-backend/commit/15782fb61cc88b0fb863043aedf7c618102d08b7,OSU-BMBL/BioMANIA-backend,web-flow
8d113397fe91cb1c2707408856c2d85014f047cb,https://github.com/verida/data-connector-server/commit/8d113397fe91cb1c2707408856c2d85014f047cb,verida/data-connector-server,web-flow
aacef32d3b33e8d24f68a7abfaf3535f78ad3fef,https://github.com/ai-shifu/ai-shifu/commit/aacef32d3b33e8d24f68a7abfaf3535f78ad3fef,ai-shifu/ai-shifu,web-flow
873ab1ffde523dd5bd48bc28b564e1b97f5698e7,https://github.com/flipdot/drinks-touch/commit/873ab1ffde523dd5bd48bc28b564e1b97f5698e7,flipdot/drinks-touch,web-flow
bb098a509ee544a7c5dad3172b43630df6932492,https://github.com/Tetsuro-Copa/langflow/commit/bb098a509ee544a7c5dad3172b43630df6932492,Tetsuro-Copa/langflow,web-flow
e5071c58aac17c3594ec52258de4a8c62f8cc418,https://github.com/LuisNSantana/cleo-agent/commit/e5071c58aac17c3594ec52258de4a8c62f8cc418,LuisNSantana/cleo-agent,LuisNSantana
38516e361bd258d6bdbe11559e5a8e17b4d60b76,https://github.com/dldx/climate-rag/commit/38516e361bd258d6bdbe11559e5a8e17b4d60b76,dldx/climate-rag,web-flow
468f8dd6e129faa25a3616d799a2659c4e20d243,https://github.com/RazumRu/ai-company/commit/468f8dd6e129faa25a3616d799a2659c4e20d243,RazumRu/ai-company,RazumRu
b2e865190de6c928515da301ca432e3fe1638333,https://github.com/X-oss-byte/Nextjs/commit/b2e865190de6c928515da301ca432e3fe1638333,X-oss-byte/Nextjs,web-flow
9f7332529850cceb0b1ab8138540796c6a47890e,https://github.com/ChatLunaLab/chatluna/commit/9f7332529850cceb0b1ab8138540796c6a47890e,ChatLunaLab/chatluna,web-flow
f0f82e2560b24affb53bfa7798179e159f9cc789,https://github.com/ziya-ai/ziya/commit/f0f82e2560b24affb53bfa7798179e159f9cc789,ziya-ai/ziya,web-flow
fd74f194ddb242e7cf356a3466d11f8253e69974,https://github.com/jituhooda/langflow/commit/fd74f194ddb242e7cf356a3466d11f8253e69974,jituhooda/langflow,web-flow
4bac3eb857bcb86c49918a318bcd31628a591d68,https://github.com/databricks-solutions/caspers-kitchens/commit/4bac3eb857bcb86c49918a318bcd31628a591d68,databricks-solutions/caspers-kitchens,web-flow
486b33e7aa714fa8e7cc013b09ebc826e9380835,https://github.com/dulhara79/Seasonal_Travel_Recommender/commit/486b33e7aa714fa8e7cc013b09ebc826e9380835,dulhara79/Seasonal_Travel_Recommender,web-flow
76b7c866c3740e50fd81478002866400f7190054,https://github.com/dulhara79/Seasonal_Travel_Recommender/commit/76b7c866c3740e50fd81478002866400f7190054,dulhara79/Seasonal_Travel_Recommender,web-flow
4a193252c1269fcb6ee49c9f7abd0ac9f537fcf9,https://github.com/dulhara79/Seasonal_Travel_Recommender/commit/4a193252c1269fcb6ee49c9f7abd0ac9f537fcf9,dulhara79/Seasonal_Travel_Recommender,web-flow
3131534186b530b1c64ac7144eba7293e59106e2,https://github.com/dulhara79/Seasonal_Travel_Recommender/commit/3131534186b530b1c64ac7144eba7293e59106e2,dulhara79/Seasonal_Travel_Recommender,web-flow
ed474b646fa0e6ec5c1c9d312e447aa2057e635b,https://github.com/dulhara79/Seasonal_Travel_Recommender/commit/ed474b646fa0e6ec5c1c9d312e447aa2057e635b,dulhara79/Seasonal_Travel_Recommender,web-flow
a294ccb83c102001c84d68e80eba87a8946fe638,https://github.com/dulhara79/Seasonal_Travel_Recommender/commit/a294ccb83c102001c84d68e80eba87a8946fe638,dulhara79/Seasonal_Travel_Recommender,web-flow
93064ed5fb4accb40b1da2b8ec7c9e9e7961e352,https://github.com/dulhara79/Seasonal_Travel_Recommender/commit/93064ed5fb4accb40b1da2b8ec7c9e9e7961e352,dulhara79/Seasonal_Travel_Recommender,web-flow
89de28e314914dd92c616a4d775cbcc9e2839566,https://github.com/dulhara79/Seasonal_Travel_Recommender/commit/89de28e314914dd92c616a4d775cbcc9e2839566,dulhara79/Seasonal_Travel_Recommender,web-flow
49711585dbc4f29e6c40a386552d4a4ae421cd13,https://github.com/dulhara79/Seasonal_Travel_Recommender/commit/49711585dbc4f29e6c40a386552d4a4ae421cd13,dulhara79/Seasonal_Travel_Recommender,web-flow
13105337fef66b3727df6725c6046f15e9e23718,https://github.com/mcp-use/mcp-use-ts/commit/13105337fef66b3727df6725c6046f15e9e23718,mcp-use/mcp-use-ts,web-flow
f4210aa1c214d097f9e08d969dcc541bde073667,https://github.com/mcp-use/mcp-use/commit/f4210aa1c214d097f9e08d969dcc541bde073667,mcp-use/mcp-use,web-flow
c30fe5f61d77beb62e4cbd5054d2056aca24f55d,https://github.com/X-oss-byte/Nextjs/commit/c30fe5f61d77beb62e4cbd5054d2056aca24f55d,X-oss-byte/Nextjs,web-flow
ed783b2aebf9bdad2de7fedcec3a9ba9e723e7f8,https://github.com/idvorkin/nlp/commit/ed783b2aebf9bdad2de7fedcec3a9ba9e723e7f8,idvorkin/nlp,idvorkin
c5a0f8555fecdf996f551f18cc695447f9b19427,https://github.com/X-oss-byte/Nextjs/commit/c5a0f8555fecdf996f551f18cc695447f9b19427,X-oss-byte/Nextjs,web-flow
9d350593699204f3f90dfc10ba10156fa845ab47,https://github.com/tenstorrent/tt-studio/commit/9d350593699204f3f90dfc10ba10156fa845ab47,tenstorrent/tt-studio,web-flow
e2d9590a8644054aa0d1ed7c191c8521fc9087cd,https://github.com/sjoshi60001/SJ-bedrock-agentcore-samples/commit/e2d9590a8644054aa0d1ed7c191c8521fc9087cd,sjoshi60001/SJ-bedrock-agentcore-samples,web-flow
75770fed7fdfa9b1f37b0668a2225378c48775af,https://github.com/lc708/YADRA-YetAnotherDeepResearchAgent/commit/75770fed7fdfa9b1f37b0668a2225378c48775af,lc708/YADRA-YetAnotherDeepResearchAgent,lc708
870dffbb894925deb75dd1a0361b1647a1397eec,https://github.com/gillianpb/crewai/commit/870dffbb894925deb75dd1a0361b1647a1397eec,gillianpb/crewai,web-flow
b8e5b48f98fbb7ccfe3516736737bac35693d606,https://github.com/Hacker0004/zyeta.backend/commit/b8e5b48f98fbb7ccfe3516736737bac35693d606,Hacker0004/zyeta.backend,web-flow
0a2c426979f3cd634b5a22b77c8a53a52113fb82,https://github.com/Kewton/MySwiftAgent/commit/0a2c426979f3cd634b5a22b77c8a53a52113fb82,Kewton/MySwiftAgent,web-flow
ae757e5d3e753c25e2dcd147e401c874806c4839,https://github.com/MehdiZare/fmp-data/commit/ae757e5d3e753c25e2dcd147e401c874806c4839,MehdiZare/fmp-data,web-flow
9f9e35b4686623997ebff6fb115fd5c512ee04b1,https://github.com/MehdiZare/fmp-data/commit/9f9e35b4686623997ebff6fb115fd5c512ee04b1,MehdiZare/fmp-data,web-flow
b8081af0fc5c58e49b2bcbaeea1dab8e484a09e0,https://github.com/MehdiZare/fmp-data/commit/b8081af0fc5c58e49b2bcbaeea1dab8e484a09e0,MehdiZare/fmp-data,web-flow
25d916b0f6920e360f0b7bbcc4c03a13d767596f,https://github.com/pablo-lozano-martin/genesis/commit/25d916b0f6920e360f0b7bbcc4c03a13d767596f,pablo-lozano-martin/genesis,
c6cd648e6d1713087a36b643fb5027537e0b357d,https://github.com/trust-chain-organization/polibase/commit/c6cd648e6d1713087a36b643fb5027537e0b357d,trust-chain-organization/polibase,web-flow
7dd70bef5cfa95c5b3a5ca7437eafdc8097d7175,https://github.com/joshn8er2022/hume-dspy-agent/commit/7dd70bef5cfa95c5b3a5ca7437eafdc8097d7175,joshn8er2022/hume-dspy-agent,
92a7e15564f729ee02d6e42b506c729512a772d5,https://github.com/lalanikarim/agent-spy/commit/92a7e15564f729ee02d6e42b506c729512a772d5,lalanikarim/agent-spy,web-flow
9be88a42d5ac2c504ca5af7c966e5592c91080b2,https://github.com/canoekuro/analytics_ai/commit/9be88a42d5ac2c504ca5af7c966e5592c91080b2,canoekuro/analytics_ai,google-labs-jules[bot]
a2426f6f5c780462c54441f679baa4c91e058806,https://github.com/canoekuro/analytics_ai/commit/a2426f6f5c780462c54441f679baa4c91e058806,canoekuro/analytics_ai,google-labs-jules[bot]
8e53e7f5ef5ac140549db4b40eb2e299ddaad4a1,https://github.com/canoekuro/analytics_ai/commit/8e53e7f5ef5ac140549db4b40eb2e299ddaad4a1,canoekuro/analytics_ai,google-labs-jules[bot]
d22ae3347208050e58b678f7ef152cda0857e313,https://github.com/AM-Portfolio/ai-bots/commit/d22ae3347208050e58b678f7ef152cda0857e313,AM-Portfolio/ai-bots,
f513062ede34d649f963e834993d97730c690d89,https://github.com/AM-Portfolio/ai-bots/commit/f513062ede34d649f963e834993d97730c690d89,AM-Portfolio/ai-bots,
1598262cdb5a79e7d86ea5522d613cec561d8d97,https://github.com/pablo-lozano-martin/genesis/commit/1598262cdb5a79e7d86ea5522d613cec561d8d97,pablo-lozano-martin/genesis,
68abcfeb901a82de5838f6613bfa9c0bc345b1da,https://github.com/vllora/vllora-ui/commit/68abcfeb901a82de5838f6613bfa9c0bc345b1da,vllora/vllora-ui,duonganhthu43
2b442a6ced450478b980a01f361c8778ab713262,https://github.com/Laibyte/ts-ai-agent-learning/commit/2b442a6ced450478b980a01f361c8778ab713262,Laibyte/ts-ai-agent-learning,web-flow
02e21bafc6d45937f4d8d343203b91a25c5c135f,https://github.com/ckifonidis/langgraph-chatkit-integration/commit/02e21bafc6d45937f4d8d343203b91a25c5c135f,ckifonidis/langgraph-chatkit-integration,
964c7e8454286335568f44ce112c7dacfb4aa8f1,https://github.com/takuto-NA/YouAlwaysWereJS/commit/964c7e8454286335568f44ce112c7dacfb4aa8f1,takuto-NA/YouAlwaysWereJS,
236d51f48f4edfd2d897f78ffe1f3f633e0381b7,https://github.com/weam-ai/weam/commit/236d51f48f4edfd2d897f78ffe1f3f633e0381b7,weam-ai/weam,web-flow
c921b8b79d7470039eb416224af7adb9f8e667e3,https://github.com/Kewton/MySwiftAgent/commit/c921b8b79d7470039eb416224af7adb9f8e667e3,Kewton/MySwiftAgent,web-flow
c44cca0c670f2d36d8ab1a92a3648f5c82be4505,https://github.com/Kewton/MySwiftAgent/commit/c44cca0c670f2d36d8ab1a92a3648f5c82be4505,Kewton/MySwiftAgent,web-flow
fc95ea86ec986426c442ea21a6c594a7b5954b14,https://github.com/unfoldingWord/bt-servant-engine/commit/fc95ea86ec986426c442ea21a6c594a7b5954b14,unfoldingWord/bt-servant-engine,web-flow
1f1028ef7a691b5fbd87cac72e2704069409a88c,https://github.com/spin-glass/papers-rag-agent/commit/1f1028ef7a691b5fbd87cac72e2704069409a88c,spin-glass/papers-rag-agent,web-flow
e015a8d2e7d687e742d6b86813de0e02a1b3dafd,https://github.com/Dom110/KI_AutoAgent/commit/e015a8d2e7d687e742d6b86813de0e02a1b3dafd,Dom110/KI_AutoAgent,web-flow
231d4f2d2c062c04a233a788fd99f487ba4866bf,https://github.com/unfoldingWord/bt-servant-engine/commit/231d4f2d2c062c04a233a788fd99f487ba4866bf,unfoldingWord/bt-servant-engine,web-flow
4ef4e7da51e64cace23e7d4ace5aa73621741dfd,https://github.com/czdtech/one/commit/4ef4e7da51e64cace23e7d4ace5aa73621741dfd,czdtech/one,web-flow
349a22818950127a57c9dde3fd58e62d67ac6167,https://github.com/clearlinux-pkgs/mpv/commit/349a22818950127a57c9dde3fd58e62d67ac6167,clearlinux-pkgs/mpv,bwarden
ef92231e2c7e0ffb262b3aec7767867c34068b85,https://github.com/cashapp/misk/commit/ef92231e2c7e0ffb262b3aec7767867c34068b85,cashapp/misk,svc-squareup-copybara
5d1d9d8e7fdf4cc2f2abba4ce709d38264f0bf28,https://github.com/ethan-repo-lab2r/iota/commit/5d1d9d8e7fdf4cc2f2abba4ce709d38264f0bf28,ethan-repo-lab2r/iota,ethan-repo-lab2r
01d6d311a8128624e5a534c87bc324e3dd906f0b,https://github.com/BitslabAI/fuzz-sui-fork/commit/01d6d311a8128624e5a534c87bc324e3dd906f0b,BitslabAI/fuzz-sui-fork,web-flow
fc696cb0ffa0d8994dcfef6acac5402721d3e597,https://github.com/Jgorzitza/HotDash/commit/fc696cb0ffa0d8994dcfef6acac5402721d3e597,Jgorzitza/HotDash,web-flow
64731c617b28dcdfe0576e6ef47d8033198b5586,https://github.com/danieleschmidt/autogen-code-review-bot/commit/64731c617b28dcdfe0576e6ef47d8033198b5586,danieleschmidt/autogen-code-review-bot,web-flow
ef5577ef43aa64f197a48fa608c52eb0334e13b9,https://github.com/IIJ-NetBSD/netbsd-src/commit/ef5577ef43aa64f197a48fa608c52eb0334e13b9,IIJ-NetBSD/netbsd-src,zoulasc
24869fb2e37100eeef0a9d344147789c3b8e275e,https://github.com/NetBSD/src/commit/24869fb2e37100eeef0a9d344147789c3b8e275e,NetBSD/src,zoulasc
55a1e86fc2b28d9b1b2cf99b518f6aacd7d68a24,https://github.com/AgoraIO-Community/app-builder-core/commit/55a1e86fc2b28d9b1b2cf99b518f6aacd7d68a24,AgoraIO-Community/app-builder-core,web-flow
5d83739d0bd0d886c4528c550c13ed313f8cfb54,https://github.com/AgoraIO-Community/app-builder-core/commit/5d83739d0bd0d886c4528c550c13ed313f8cfb54,AgoraIO-Community/app-builder-core,web-flow
1260c78ceb00e7deca6df8283b77e514ab935adf,https://github.com/AgoraIO-Community/app-builder-core/commit/1260c78ceb00e7deca6df8283b77e514ab935adf,AgoraIO-Community/app-builder-core,web-flow
09f5d5d1de1d257e1a955cc11d638372c5f05bca,https://github.com/AgoraIO-Community/app-builder-core/commit/09f5d5d1de1d257e1a955cc11d638372c5f05bca,AgoraIO-Community/app-builder-core,web-flow
c3b56416689a621067417e695a9049f505afa034,https://github.com/AgoraIO-Community/app-builder-core/commit/c3b56416689a621067417e695a9049f505afa034,AgoraIO-Community/app-builder-core,web-flow
11bd1251ef40ca4d7387c0783eb08390cf5e3df0,https://github.com/AgoraIO-Community/app-builder-core/commit/11bd1251ef40ca4d7387c0783eb08390cf5e3df0,AgoraIO-Community/app-builder-core,web-flow
b900904ec6ba5cbf7401df0dfe134115ab6f9d45,https://github.com/AgoraIO-Community/app-builder-core/commit/b900904ec6ba5cbf7401df0dfe134115ab6f9d45,AgoraIO-Community/app-builder-core,web-flow
1f63f6b6baa2f2cebaed48d33b252746fd902a10,https://github.com/AgoraIO-Community/app-builder-core/commit/1f63f6b6baa2f2cebaed48d33b252746fd902a10,AgoraIO-Community/app-builder-core,web-flow
33a37d948510f6924f1ad8b1ef4760ebcbf0d6f4,https://github.com/clearlinux-pkgs/mpv/commit/33a37d948510f6924f1ad8b1ef4760ebcbf0d6f4,clearlinux-pkgs/mpv,fenrus75
1230b472cce0803154df35ae92b334ff8537e721,https://github.com/ROCm/rocMLIR/commit/1230b472cce0803154df35ae92b334ff8537e721,ROCm/rocMLIR,stefankoncarevic
12fabc0d7bb8a9c2954924972addf1b57f655462,https://github.com/daviswhitehead/chef-chopsky/commit/12fabc0d7bb8a9c2954924972addf1b57f655462,daviswhitehead/chef-chopsky,web-flow
2771b76f1bb4dd930d6baf4d03a4aa586439c470,https://github.com/daviswhitehead/chef-chopsky/commit/2771b76f1bb4dd930d6baf4d03a4aa586439c470,daviswhitehead/chef-chopsky,web-flow
673dd54e8ba9ba4fab63017a3ad12224f739cfcc,https://github.com/daviswhitehead/chef-chopsky/commit/673dd54e8ba9ba4fab63017a3ad12224f739cfcc,daviswhitehead/chef-chopsky,web-flow
a49bbf0e3fd11ce00c283d8f747babd6b443ba59,https://github.com/daviswhitehead/chef-chopsky/commit/a49bbf0e3fd11ce00c283d8f747babd6b443ba59,daviswhitehead/chef-chopsky,web-flow
416b36ea1d3d1a5cadc704834a1f0c319a16f159,https://github.com/HuskyDanny/FinancialAgent/commit/416b36ea1d3d1a5cadc704834a1f0c319a16f159,HuskyDanny/FinancialAgent,HuskyDanny
9804846a7a82efdbd938758b5c31929111746b9a,https://github.com/tdey-audits/emberaitest/commit/9804846a7a82efdbd938758b5c31929111746b9a,tdey-audits/emberaitest,web-flow
19f19d725b83b33cf1b5b501885e2f1e65dec707,https://github.com/Svring/brain/commit/19f19d725b83b33cf1b5b501885e2f1e65dec707,Svring/brain,Svring
5b4a481c18047dc7ebc97ff8b5c498ae8f821d91,https://github.com/jwardwell7077/agent-audiobook-maker/commit/5b4a481c18047dc7ebc97ff8b5c498ae8f821d91,jwardwell7077/agent-audiobook-maker,web-flow
713bd5e1490355030336ee02242a9e7b2021e37f,https://github.com/simonaszilinskas/lizdeika/commit/713bd5e1490355030336ee02242a9e7b2021e37f,simonaszilinskas/lizdeika,
25bdd82f1ee6faeef3089793fd68a13fd8f2410a,https://github.com/elastic/kibana/commit/25bdd82f1ee6faeef3089793fd68a13fd8f2410a,elastic/kibana,web-flow
4b5fa03c0288af6fc9ac9f0dbcbe9e9b9b346691,https://github.com/mehrdad-abdi/diversifier/commit/4b5fa03c0288af6fc9ac9f0dbcbe9e9b9b346691,mehrdad-abdi/diversifier,web-flow
6e7603a5e67daf6925247ba1a79c00f32770ed05,https://github.com/nikspatel007/workshop-agents/commit/6e7603a5e67daf6925247ba1a79c00f32770ed05,nikspatel007/workshop-agents,nikspatel007
3e924091a8e3713a712fb8bcc187696d02c5b3fb,https://github.com/arthurmorais12/ecommerce-chat/commit/3e924091a8e3713a712fb8bcc187696d02c5b3fb,arthurmorais12/ecommerce-chat,arthurmorais12
89262f6a4d5de552233a6f2617b9324ebf864446,https://github.com/lc708/YADRA-YetAnotherDeepResearchAgent/commit/89262f6a4d5de552233a6f2617b9324ebf864446,lc708/YADRA-YetAnotherDeepResearchAgent,lc708
a9a2413836038678895ea722415348a6322cc5f1,https://github.com/lc708/YADRA-YetAnotherDeepResearchAgent/commit/a9a2413836038678895ea722415348a6322cc5f1,lc708/YADRA-YetAnotherDeepResearchAgent,lc708
89fb2de9b05a5331d1b7940bae593c657dd05fc9,https://github.com/lc708/YADRA-YetAnotherDeepResearchAgent/commit/89fb2de9b05a5331d1b7940bae593c657dd05fc9,lc708/YADRA-YetAnotherDeepResearchAgent,lc708
c432322786fa577c27bb5c84d2951ce782c805c3,https://github.com/vimalmenon/ai/commit/c432322786fa577c27bb5c84d2951ce782c805c3,vimalmenon/ai,web-flow
14e85ff479751e5c5d58a6dfcdef6d3c79102c23,https://github.com/moikas-code/studio_moikas/commit/14e85ff479751e5c5d58a6dfcdef6d3c79102c23,moikas-code/studio_moikas,web-flow
cbe1f370adbd46b191523631613b6afd9ff213bb,https://github.com/Rajathbharadwaj/DocRAG-Backend/commit/cbe1f370adbd46b191523631613b6afd9ff213bb,Rajathbharadwaj/DocRAG-Backend,Rajathbharadwaj
4bcc3b532d1d86de0fd70c085b6f1181c845b3db,https://github.com/gillianpb/crewai/commit/4bcc3b532d1d86de0fd70c085b6f1181c845b3db,gillianpb/crewai,web-flow
9eb09b5b228db748c740c20b656691b156ee3dd4,https://github.com/Alexanderdunlop/MemGPT-Discord/commit/9eb09b5b228db748c740c20b656691b156ee3dd4,Alexanderdunlop/MemGPT-Discord,Alexanderdunlop
b4605b227ee2017e0a758ab06c17f23d1569d196,https://github.com/autoblocksai/autoblocks-examples/commit/b4605b227ee2017e0a758ab06c17f23d1569d196,autoblocksai/autoblocks-examples,web-flow
767be8657100e2038305f7d58e10ce9915588308,https://github.com/couchbaselabs/agent-catalog/commit/767be8657100e2038305f7d58e10ce9915588308,couchbaselabs/agent-catalog,web-flow
739ee37c198c59c18dcd134dc842ce249db6ea29,https://github.com/unnoq/orpc/commit/739ee37c198c59c18dcd134dc842ce249db6ea29,unnoq/orpc,web-flow
13959193115656ca4d5be13d3ab6eeb6b77f986b,https://github.com/X-oss-byte/Nextjs/commit/13959193115656ca4d5be13d3ab6eeb6b77f986b,X-oss-byte/Nextjs,web-flow
f82720790f432910ba6669b741dfaa1a825264bd,https://github.com/DFE-Digital/teaching-vacancies/commit/f82720790f432910ba6669b741dfaa1a825264bd,DFE-Digital/teaching-vacancies,web-flow
dcfbe90d312696f833a6470a9dd1036435803028,https://github.com/mcp-use/mcp-use/commit/dcfbe90d312696f833a6470a9dd1036435803028,mcp-use/mcp-use,web-flow
f08e870e097d31953a47a4dae476a23f0933c00a,https://github.com/mcp-use/mcp-use/commit/f08e870e097d31953a47a4dae476a23f0933c00a,mcp-use/mcp-use,web-flow
b1f5b3ed92f37dd13459d2d772f75e11bbcc27c5,https://github.com/X2bee/PlateeRAG_backend/commit/b1f5b3ed92f37dd13459d2d772f75e11bbcc27c5,X2bee/PlateeRAG_backend,CocoRoF
8b578a891c953f5e3f442236892244acbd7b59c2,https://github.com/ixoworld/ixo-oracles-boilerplate/commit/8b578a891c953f5e3f442236892244acbd7b59c2,ixoworld/ixo-oracles-boilerplate,youssefhany-ixo
38a44d20b47e34c5f7307dfe20bba489ce8a1caf,https://github.com/CodeVader555/langflow/commit/38a44d20b47e34c5f7307dfe20bba489ce8a1caf,CodeVader555/langflow,CodeVader555
8cfbb9084f8c355070a65620cc9d135668f27495,https://github.com/ziya-ai/ziya/commit/8cfbb9084f8c355070a65620cc9d135668f27495,ziya-ai/ziya,web-flow
de9f5ffac78f159a19f9024d35f8a9134871e0b8,https://github.com/idvorkin/nlp/commit/de9f5ffac78f159a19f9024d35f8a9134871e0b8,idvorkin/nlp,idvorkin
d7951b569f898a8965699f35a96abc4e04f26374,https://github.com/PierreTsia/project-management-api/commit/d7951b569f898a8965699f35a96abc4e04f26374,PierreTsia/project-management-api,web-flow
4e7a979b7263c38af49a2090e0cfbb0e687a5ee2,https://github.com/KikeRev/smart_scout_app/commit/4e7a979b7263c38af49a2090e0cfbb0e687a5ee2,KikeRev/smart_scout_app,web-flow
d1cf1771e3da3c0dc0959fc888701d1a1689b871,https://github.com/CodeVader555/langflow/commit/d1cf1771e3da3c0dc0959fc888701d1a1689b871,CodeVader555/langflow,CodeVader555
8a046156d2887ff13b8f4d89040d1b4060e83d3b,https://github.com/amysyk/meal-prep-assistant/commit/8a046156d2887ff13b8f4d89040d1b4060e83d3b,amysyk/meal-prep-assistant,amysyk
714b1fbd5f87978808e541592c4f9cfa5bdb7aa4,https://github.com/Infifrontend/Disruption-Management-AERON/commit/714b1fbd5f87978808e541592c4f9cfa5bdb7aa4,Infifrontend/Disruption-Management-AERON,
b157ea8a77e18dbf6639767c13f9f81b818f2f50,https://github.com/0xfurai/peekaping/commit/b157ea8a77e18dbf6639767c13f9f81b818f2f50,0xfurai/peekaping,web-flow
f9960db4e33d3e646d11db7571f46eb2788b20fc,https://github.com/CodeVader555/langflow/commit/f9960db4e33d3e646d11db7571f46eb2788b20fc,CodeVader555/langflow,CodeVader555
dcf89a27e87f648130e66f752a8957591a0a97f2,https://github.com/tkhwang/tkhwang-pico/commit/dcf89a27e87f648130e66f752a8957591a0a97f2,tkhwang/tkhwang-pico,tkhwang
030462bd343c68943be2cefd3ca85ba5eaa84e89,https://github.com/Taylor-CCB-Group/MDV/commit/030462bd343c68943be2cefd3ca85ba5eaa84e89,Taylor-CCB-Group/MDV,web-flow
880e16b5d40886b465d4f9a6ce37e115757b8421,https://github.com/Giskard-AI/giskard-hub/commit/880e16b5d40886b465d4f9a6ce37e115757b8421,Giskard-AI/giskard-hub,web-flow
8c4678d1615fbc3c0c3b97129a4789e08180cc2b,https://github.com/mehrdad-abdi/diversifier/commit/8c4678d1615fbc3c0c3b97129a4789e08180cc2b,mehrdad-abdi/diversifier,web-flow
4228e4e133cd201ebb2e04d0e40c3bf27b775b4c,https://github.com/Gael-Android/SSU_RAG/commit/4228e4e133cd201ebb2e04d0e40c3bf27b775b4c,Gael-Android/SSU_RAG,kwakkun2002
5b372723475bffe6b1fc1f1d3aaa35da5fae4191,https://github.com/idvorkin/nlp/commit/5b372723475bffe6b1fc1f1d3aaa35da5fae4191,idvorkin/nlp,idvorkin
e6b1254c77ae286b294415439cf5464c074780d9,https://github.com/service-tisac/tisac-assistant-backend/commit/e6b1254c77ae286b294415439cf5464c074780d9,service-tisac/tisac-assistant-backend,Yospy
4884d9513d7912ec9cbd16dccbc713fd531b98db,https://github.com/logancyang/obsidian-copilot/commit/4884d9513d7912ec9cbd16dccbc713fd531b98db,logancyang/obsidian-copilot,web-flow
8a2b8a47c20413601d2e38d34feb08e012b854d5,https://github.com/F-O-T/contentagen-nx/commit/8a2b8a47c20413601d2e38d34feb08e012b854d5,F-O-T/contentagen-nx,web-flow
0ed2b237267d24f51a5c3fb108f837a2f7b61cfe,https://github.com/Kirch77/syntha/commit/0ed2b237267d24f51a5c3fb108f837a2f7b61cfe,Kirch77/syntha,web-flow
bc2d7f660af1ad58af78510d087353e3f2e427df,https://github.com/logancyang/obsidian-copilot/commit/bc2d7f660af1ad58af78510d087353e3f2e427df,logancyang/obsidian-copilot,web-flow
524cc2600bc8a13f8ca8457f2274146d7d8014f4,https://github.com/X-oss-byte/Nextjs/commit/524cc2600bc8a13f8ca8457f2274146d7d8014f4,X-oss-byte/Nextjs,web-flow
63bcdd9e26938ed6aa0c8054ae25afeab8cdc05b,https://github.com/prxs-ai/praxis-py-sdk/commit/63bcdd9e26938ed6aa0c8054ae25afeab8cdc05b,prxs-ai/praxis-py-sdk,HexaVor
3e970bfea0fb85405b07cd96dfc6e1d1ca862ed2,https://github.com/nguyenhonglich111-1001/Experimental/commit/3e970bfea0fb85405b07cd96dfc6e1d1ca862ed2,nguyenhonglich111-1001/Experimental,
1951cd74a927ee300eb8b25fd4285b85b96f7438,https://github.com/hashgraph/hedera-agent-kit-js/commit/1951cd74a927ee300eb8b25fd4285b85b96f7438,hashgraph/hedera-agent-kit-js,se7enarianelabs
de64e3a914c0248758046c2678aa8b37d8eeadcd,https://github.com/X-oss-byte/Nextjs/commit/de64e3a914c0248758046c2678aa8b37d8eeadcd,X-oss-byte/Nextjs,web-flow
a42ad4789169606e73f6c8d31c20408027d99439,https://github.com/CodeVader555/langflow/commit/a42ad4789169606e73f6c8d31c20408027d99439,CodeVader555/langflow,CodeVader555
7aeb687533e53027aa477722d06d337b1a210ac6,https://github.com/langflow-ai/langflow/commit/7aeb687533e53027aa477722d06d337b1a210ac6,langflow-ai/langflow,web-flow
583207ba9f7fe10d0a9a0fcf920c87f619e0851e,https://github.com/EffectiveAgileDev/RAG_Scraper/commit/583207ba9f7fe10d0a9a0fcf920c87f619e0851e,EffectiveAgileDev/RAG_Scraper,EffectiveAgileDev
73082ef9bc1edf895a0a405030febde7b92b32c1,https://github.com/khaosans/basic-chat/commit/73082ef9bc1edf895a0a405030febde7b92b32c1,khaosans/basic-chat,web-flow
a5f8df4e214f3a51341956222b2fd39257070c11,https://github.com/Rhy-Shah/Agentic-Gen-AI/commit/a5f8df4e214f3a51341956222b2fd39257070c11,Rhy-Shah/Agentic-Gen-AI,Rhy-Shah
01c97e40d780d8b2d35a47f275c04ffa3138ca2c,https://github.com/ziya-ai/ziya/commit/01c97e40d780d8b2d35a47f275c04ffa3138ca2c,ziya-ai/ziya,web-flow
5cf86b347fafb9ba6d62034f6515720edeac6820,https://github.com/DannyMac180/MacChat/commit/5cf86b347fafb9ba6d62034f6515720edeac6820,DannyMac180/MacChat,web-flow
0ef02dc90af73316c55ac9f0ff5c5eee9926c771,https://github.com/viveks-e2m/librechat-setup/commit/0ef02dc90af73316c55ac9f0ff5c5eee9926c771,viveks-e2m/librechat-setup,web-flow
74b059b6f7bc7a01597f8b37ff576a1067040aee,https://github.com/X-oss-byte/Nextjs/commit/74b059b6f7bc7a01597f8b37ff576a1067040aee,X-oss-byte/Nextjs,web-flow
723e7a4d1d332e845f3a9fa23ed09a8d6d635c67,https://github.com/theinterneti/TTA/commit/723e7a4d1d332e845f3a9fa23ed09a8d6d635c67,theinterneti/TTA,web-flow
92082bdb63cfc0ca4c351c5d57d6e6e1e68e59c9,https://github.com/scalemate-dev/scalemate-web-client/commit/92082bdb63cfc0ca4c351c5d57d6e6e1e68e59c9,scalemate-dev/scalemate-web-client,web-flow
9d53b9e67e5b660ab6cc00eb3acc507aaa985708,https://github.com/Kewton/MySwiftAgent/commit/9d53b9e67e5b660ab6cc00eb3acc507aaa985708,Kewton/MySwiftAgent,web-flow
dbfdb82e27608b8ae60520366ba6f00d2ea607a8,https://github.com/agent-revra/revra/commit/dbfdb82e27608b8ae60520366ba6f00d2ea607a8,agent-revra/revra,Dannywaisein
f2549426738a3507ec4845714ccb24b44d86e08e,https://github.com/Altaflux/agent-mimir/commit/f2549426738a3507ec4845714ccb24b44d86e08e,Altaflux/agent-mimir,web-flow
d4730119fc2887cc07083bc85b1877c814af1ebd,https://github.com/xxkuboxx/langgraph-100knocks/commit/d4730119fc2887cc07083bc85b1877c814af1ebd,xxkuboxx/langgraph-100knocks,google-labs-jules[bot]
f82e748fbee451ae768dd704068234e45acec664,https://github.com/BjornMelin/openai-agents-travel-graph/commit/f82e748fbee451ae768dd704068234e45acec664,BjornMelin/openai-agents-travel-graph,web-flow
648cd571cfe165c1d7bcb40ecc376b373dcf0cfe,https://github.com/teonormal/GoogleAI-GenAI-App/commit/648cd571cfe165c1d7bcb40ecc376b373dcf0cfe,teonormal/GoogleAI-GenAI-App,web-flow
c29c050ce358536ed8ccd32ac26ceda4df9a7559,https://github.com/ax-platform/ax-agent-studio/commit/c29c050ce358536ed8ccd32ac26ceda4df9a7559,ax-platform/ax-agent-studio,web-flow
7311ce810813c48f3f38468f25146edfe7a62a3f,https://github.com/MagnusDot/Albert-Home-AI/commit/7311ce810813c48f3f38468f25146edfe7a62a3f,MagnusDot/Albert-Home-AI,MagnusDot
8c2929f1f535ee032abe196787684d6e36343b8c,https://github.com/ax-platform/ax-agent-studio/commit/8c2929f1f535ee032abe196787684d6e36343b8c,ax-platform/ax-agent-studio,web-flow
047932232b127bf75e2e4840d7c390816e1d4dd8,https://github.com/coziro/ai-agent-demo/commit/047932232b127bf75e2e4840d7c390816e1d4dd8,coziro/ai-agent-demo,coziro
163118f6e5202f7c73a0759f2e0ac3fdd7959f63,https://github.com/Poljopodrska/ava-olo-agricultural-core/commit/163118f6e5202f7c73a0759f2e0ac3fdd7959f63,Poljopodrska/ava-olo-agricultural-core,
050d52b3e547ec5812b071887b2547325ee3c5f6,https://github.com/callzhang/recruiter/commit/050d52b3e547ec5812b071887b2547325ee3c5f6,callzhang/recruiter,
94c4f5af7a4ac082a4edbd9ce566c4efac7f1534,https://github.com/coziro/ai-agent-demo/commit/94c4f5af7a4ac082a4edbd9ce566c4efac7f1534,coziro/ai-agent-demo,coziro
65fb31f166a62f95fc4e5505c060a525ef67cdb5,https://github.com/codekiln/langstar/commit/65fb31f166a62f95fc4e5505c060a525ef67cdb5,codekiln/langstar,web-flow
64504e0b730044421e5556af0791b8f83c2c17d9,https://github.com/Svring/brain/commit/64504e0b730044421e5556af0791b8f83c2c17d9,Svring/brain,Svring
eb94b1b64c9eee61106aa4e5142cbdec072f62b8,https://github.com/divyakumarprajapati/panaray-ai-assitant/commit/eb94b1b64c9eee61106aa4e5142cbdec072f62b8,divyakumarprajapati/panaray-ai-assitant,web-flow
4156dd6fefb04d16587472e13d6f727cc62f71be,https://github.com/Naresh-official/Nova/commit/4156dd6fefb04d16587472e13d6f727cc62f71be,Naresh-official/Nova,Naresh-official
dd04d641aedbeb1ebddb6e241cee108ab166e785,https://github.com/ckifonidis/langgraph-chatkit-integration/commit/dd04d641aedbeb1ebddb6e241cee108ab166e785,ckifonidis/langgraph-chatkit-integration,
55c6eaa954283febac315b568eb1d77847f37817,https://github.com/KapyGenius/ai-cookbook/commit/55c6eaa954283febac315b568eb1d77847f37817,KapyGenius/ai-cookbook,KapyGenius
f685354d5cf760dded03e2d45784f3cff21165e3,https://github.com/arklexai/Agent-First-Organization/commit/f685354d5cf760dded03e2d45784f3cff21165e3,arklexai/Agent-First-Organization,web-flow
7ea06f159a0c2250223152fa12c6150f5ddbe777,https://github.com/manuonda/python-project/commit/7ea06f159a0c2250223152fa12c6150f5ddbe777,manuonda/python-project,dgarciamost
dba5c43b1ccf4ef5d4aaed18107b602c19b80e46,https://github.com/raffryrizqullah/chatbot-itsupport/commit/dba5c43b1ccf4ef5d4aaed18107b602c19b80e46,raffryrizqullah/chatbot-itsupport,raffryrizqullah
65d882aef2f5108a75044d45bfa454fdd0241604,https://github.com/berkyalkn/ai-personal-assistant/commit/65d882aef2f5108a75044d45bfa454fdd0241604,berkyalkn/ai-personal-assistant,berkyalkn
e57ce65f2ed24ebae134fdd0ee5262e7220ba3f6,https://github.com/moe1047/ai-bestie/commit/e57ce65f2ed24ebae134fdd0ee5262e7220ba3f6,moe1047/ai-bestie,moe1047
ff400012aa1389bc0f5740155188fbfc53a1ca5b,https://github.com/evekeen/evals-for-ai-assisted-engineering/commit/ff400012aa1389bc0f5740155188fbfc53a1ca5b,evekeen/evals-for-ai-assisted-engineering,evekeen
4da0e4951707006be58a37bd90779728bdcffb38,https://github.com/NVIDIA/NeMo-Agent-Toolkit/commit/4da0e4951707006be58a37bd90779728bdcffb38,NVIDIA/NeMo-Agent-Toolkit,web-flow
f4c08e12b0ab15e741a0071db1534996b8c4b407,https://github.com/redis-applied-ai/redis-sre-agent/commit/f4c08e12b0ab15e741a0071db1534996b8c4b407,redis-applied-ai/redis-sre-agent,abrookins
e390a5be32f52142535432332ee118133427c3c5,https://github.com/niros1/intergalactic-teacher/commit/e390a5be32f52142535432332ee118133427c3c5,niros1/intergalactic-teacher,niros1
905fd3248cb83c720613a2dfb31f163556fc5e3c,https://github.com/RonnyRoos/cerebrobot/commit/905fd3248cb83c720613a2dfb31f163556fc5e3c,RonnyRoos/cerebrobot,RonnyRoos
baf43ec78f8f09d99f293357ac2354207800fd22,https://github.com/RonnyRoos/cerebrobot/commit/baf43ec78f8f09d99f293357ac2354207800fd22,RonnyRoos/cerebrobot,RonnyRoos
f7f88fcb8aad953ea98df8dd3f76d5592be2a923,https://github.com/fulit103/langgraph_rb/commit/f7f88fcb8aad953ea98df8dd3f76d5592be2a923,fulit103/langgraph_rb,fulit103
90c0931c4927ba82817c3a7db38ec38232c8c3de,https://github.com/Yosef-Ali/Multi-Industry_ERPNext_Coagents_SaaS/commit/90c0931c4927ba82817c3a7db38ec38232c8c3de,Yosef-Ali/Multi-Industry_ERPNext_Coagents_SaaS,Yosef-Ali
1ae88f755e6d8550cff98f00c5c8baf48a65ff76,https://github.com/synergyai-nl/svelte-langgraph/commit/1ae88f755e6d8550cff98f00c5c8baf48a65ff76,synergyai-nl/svelte-langgraph,web-flow
54b0b101f3cf850ac75788998b10b4b856783e36,https://github.com/yeshuman-io/yeshuman-agent-stack/commit/54b0b101f3cf850ac75788998b10b4b856783e36,yeshuman-io/yeshuman-agent-stack,yeshuman
af56292ffbf744b67465a5db4469b07c3429290a,https://github.com/gargpriyal/Hackathon2025/commit/af56292ffbf744b67465a5db4469b07c3429290a,gargpriyal/Hackathon2025,ChetanKrishna07
7b984c2a646dfef18e6fe07e5496f4d1ba847d5c,https://github.com/HAMA-team/HAMA-backend/commit/7b984c2a646dfef18e6fe07e5496f4d1ba847d5c,HAMA-team/HAMA-backend,elaus00
49d3e1dc949db267b9678f5de8aff1f749efc844,https://github.com/shunkakinoki/open-composer/commit/49d3e1dc949db267b9678f5de8aff1f749efc844,shunkakinoki/open-composer,web-flow
37f8be00eb63a9fd62f453351570d873dd2dee27,https://github.com/RunLittleTurtle/agent_inbox/commit/37f8be00eb63a9fd62f453351570d873dd2dee27,RunLittleTurtle/agent_inbox,RunLittleTurtle
2f1d9028cbd0d02d3d3cceb0234599d46eca40b7,https://github.com/Dom110/KI_AutoAgent/commit/2f1d9028cbd0d02d3d3cceb0234599d46eca40b7,Dom110/KI_AutoAgent,
01ee02deda6cdb1da733ba44fa038055b835c291,https://github.com/kaiser-data/multi-agent-research/commit/01ee02deda6cdb1da733ba44fa038055b835c291,kaiser-data/multi-agent-research,kaiser-data
681c9e6f06ad329386e6c654501119fd7278c537,https://github.com/opensearch-project/OpenSearch-Dashboards/commit/681c9e6f06ad329386e6c654501119fd7278c537,opensearch-project/OpenSearch-Dashboards,web-flow
1024a413b145183291ce944702b800fea9e241bb,https://github.com/oasm-platform/oasm-assistant/commit/1024a413b145183291ce944702b800fea9e241bb,oasm-platform/oasm-assistant,ntthanh2603
3bef1816f65f94f5f32b9d12842711abad4de6e2,https://github.com/BomfimThiago/ZendeskiAgentAutomation/commit/3bef1816f65f94f5f32b9d12842711abad4de6e2,BomfimThiago/ZendeskiAgentAutomation,BomfimThiago
ab7291c0b41aeccc9c23307cb5137d15e7160ba8,https://github.com/mirjebreili/Agentic-Router/commit/ab7291c0b41aeccc9c23307cb5137d15e7160ba8,mirjebreili/Agentic-Router,web-flow
55c162e2d02236f2d6a133c34f4ca3cb4a5d3824,https://github.com/TuberRishi/Kisan_Dost_AI/commit/55c162e2d02236f2d6a133c34f4ca3cb4a5d3824,TuberRishi/Kisan_Dost_AI,google-labs-jules[bot]
3bd86caeb6408c6fba0364f613fb75e77a741ad9,https://github.com/oasm-platform/oasm-assistant/commit/3bd86caeb6408c6fba0364f613fb75e77a741ad9,oasm-platform/oasm-assistant,ntthanh2603
45ce44dbb4c2a8724926a97dbf262110203b8f34,https://github.com/oasm-platform/oasm-assistant/commit/45ce44dbb4c2a8724926a97dbf262110203b8f34,oasm-platform/oasm-assistant,ntthanh2603
72e0826d4effe42533f6eb0d0a229d34ef5ec35f,https://github.com/kenomendako/gradiotest/commit/72e0826d4effe42533f6eb0d0a229d34ef5ec35f,kenomendako/gradiotest,google-labs-jules[bot]
8325fc83cb3a232b0258613461cb6461eb67e8ac,https://github.com/soontechgroup/ai-agents/commit/8325fc83cb3a232b0258613461cb6461eb67e8ac,soontechgroup/ai-agents,jaywang5540
9993ad03ac4a6ef27c87bd2c57e8e6f0c08f7049,https://github.com/TuberRishi/Kisan_Dost_AI/commit/9993ad03ac4a6ef27c87bd2c57e8e6f0c08f7049,TuberRishi/Kisan_Dost_AI,google-labs-jules[bot]
5d0209ebea53e7215f95ddedc13e99015af9d11b,https://github.com/weam-ai/weam/commit/5d0209ebea53e7215f95ddedc13e99015af9d11b,weam-ai/weam,web-flow
b49fe1ece02ea9d12a3ecb8c1ad251aa0d482501,https://github.com/anadi45/quark-chat/commit/b49fe1ece02ea9d12a3ecb8c1ad251aa0d482501,anadi45/quark-chat,anadi45
101f0f1ba118a2f390463d439c09d23935afc2bc,https://github.com/d-gangz/langgraph-instructor/commit/101f0f1ba118a2f390463d439c09d23935afc2bc,d-gangz/langgraph-instructor,d-gangz
8b9ff2d566eb2994fc35eea9b9ca841d42ec3c78,https://github.com/gabe-l-hart/scholar-agent/commit/8b9ff2d566eb2994fc35eea9b9ca841d42ec3c78,gabe-l-hart/scholar-agent,gabe-l-hart
99f1c52fe20b1a634a8f8bd241325be98a40c563,https://github.com/cds-9-group-6/sasya-chikitsa/commit/99f1c52fe20b1a634a8f8bd241325be98a40c563,cds-9-group-6/sasya-chikitsa,techmoksha
22f295939a2679dd4a184f31617acbc9c59eb865,https://github.com/d-gangz/langgraph-instructor/commit/22f295939a2679dd4a184f31617acbc9c59eb865,d-gangz/langgraph-instructor,d-gangz
362b4c1fcc3129b7ac0ec6f22f75674f9c5cf6a6,https://github.com/jewells77/EchoBrandAI-Mind-Backup/commit/362b4c1fcc3129b7ac0ec6f22f75674f9c5cf6a6,jewells77/EchoBrandAI-Mind-Backup,web-flow
ac158890ff08cf139863941f7e80dfe56d56a680,https://github.com/Svring/brain/commit/ac158890ff08cf139863941f7e80dfe56d56a680,Svring/brain,Svring
217b424555593a052374469699cd35dd382ea1ca,https://github.com/Svring/brain/commit/217b424555593a052374469699cd35dd382ea1ca,Svring/brain,Svring
0119276bcf7d5b9f6c92b7b396007b4a0b8c09f3,https://github.com/26Kartikay/broadway_copilot/commit/0119276bcf7d5b9f6c92b7b396007b4a0b8c09f3,26Kartikay/broadway_copilot,advitrocks9
cf5eeaa30fea6f56b4eaeb7baafce9bb12e3e8cc,https://github.com/miyata09x0084/slide-pilot/commit/cf5eeaa30fea6f56b4eaeb7baafce9bb12e3e8cc,miyata09x0084/slide-pilot,web-flow
399dbb01547de86c1b159c30c2e139093628988f,https://github.com/danny-avila/agents/commit/399dbb01547de86c1b159c30c2e139093628988f,danny-avila/agents,danny-avila
d60b4f876bd5e355cddcc389706b680b5042d246,https://github.com/baotvdn/chatguard/commit/d60b4f876bd5e355cddcc389706b680b5042d246,baotvdn/chatguard,baotvdn
577714ad5a0f9d41be40d57482d459419dbf58b7,https://github.com/Les-Mills-Ai-Agent/RAG-Demon/commit/577714ad5a0f9d41be40d57482d459419dbf58b7,Les-Mills-Ai-Agent/RAG-Demon,web-flow
1bfec3ad0556c3a5f54e1067a11379f5d8ce919c,https://github.com/omar-aaico/deer-flow-researcher/commit/1bfec3ad0556c3a5f54e1067a11379f5d8ce919c,omar-aaico/deer-flow-researcher,web-flow
b86057ef2a5d96584ad9ccb3da82dc26be683cb0,https://github.com/godcodev/deer-flow/commit/b86057ef2a5d96584ad9ccb3da82dc26be683cb0,godcodev/deer-flow,godcodev
556ee1c1eb18ee742ec6d4b5b2952058b556697d,https://github.com/lointain/langchain_aisdk_adapter/commit/556ee1c1eb18ee742ec6d4b5b2952058b556697d,lointain/langchain_aisdk_adapter,
2b1807cb25dc12c2d02fe1609a9cbaad89b077b6,https://github.com/Svring/brain-legacy/commit/2b1807cb25dc12c2d02fe1609a9cbaad89b077b6,Svring/brain-legacy,Svring
b7bca5a1310bdbfdd98023ad28e98954b063367c,https://github.com/Les-Mills-Ai-Agent/RAG-Demon/commit/b7bca5a1310bdbfdd98023ad28e98954b063367c,Les-Mills-Ai-Agent/RAG-Demon,Harsh-Maharaj
efcab0a6ae2707f8c9ab8b35a3eeddf8ca0e8565,https://github.com/FurkanSahinnn/psychological-agent/commit/efcab0a6ae2707f8c9ab8b35a3eeddf8ca0e8565,FurkanSahinnn/psychological-agent,FurkanSahinnn
c83e2588e088adf5f4803dff9688ef07f5e925f3,https://github.com/kafkaGen/general-assistant/commit/c83e2588e088adf5f4803dff9688ef07f5e925f3,kafkaGen/general-assistant,kafkaGen
8e3edabb925f892107438516701dd6f0ac1b3def,https://github.com/arthurmorais12/ecommerce-chat/commit/8e3edabb925f892107438516701dd6f0ac1b3def,arthurmorais12/ecommerce-chat,arthurmorais12
7357366bc46d1cbfa2d353dc33aef0fa28835dd3,https://github.com/UNDP-Data/dsc-sea-ai-api/commit/7357366bc46d1cbfa2d353dc33aef0fa28835dd3,UNDP-Data/dsc-sea-ai-api,web-flow
49777f1f403eb9163338dedd3c44e0fb8d05abe1,https://github.com/rudihinds/langgraph-agent/commit/49777f1f403eb9163338dedd3c44e0fb8d05abe1,rudihinds/langgraph-agent,web-flow
50677631a6c350a49df2a62e78c4bb804be63a18,https://github.com/hoshinotsuyoshi/study-liam/commit/50677631a6c350a49df2a62e78c4bb804be63a18,hoshinotsuyoshi/study-liam,FunamaYukina
6a4bb2d19cbe3fe90eaa82fc342fe2131d96f6fc,https://github.com/GDP-ADMIN/gen-ai-examples/commit/6a4bb2d19cbe3fe90eaa82fc342fe2131d96f6fc,GDP-ADMIN/gen-ai-examples,web-flow
266636655682f44b510f0741f2d46bbed164fbf0,https://github.com/GDP-ADMIN/gen-ai-examples/commit/266636655682f44b510f0741f2d46bbed164fbf0,GDP-ADMIN/gen-ai-examples,web-flow
7bac490dce89d784e7b5a7aa0fe6f88a5bae18d1,https://github.com/dhbrand/d2-ai-assistant/commit/7bac490dce89d784e7b5a7aa0fe6f88a5bae18d1,dhbrand/d2-ai-assistant,dhbrand
f46587239231d051dd10c2c9b41e16ad04d35a84,https://github.com/codekiln/logseq-encode-garden/commit/f46587239231d051dd10c2c9b41e16ad04d35a84,codekiln/logseq-encode-garden,codekiln
f66bc9bc2129e3bb2387ece1b0f16ad1baffc102,https://github.com/JSONbored/claudepro-directory/commit/f66bc9bc2129e3bb2387ece1b0f16ad1baffc102,JSONbored/claudepro-directory,web-flow
436822063ddfa2aa13f32c5eecadd7b8cd36df0d,https://github.com/TensorOpsAI/LLMstudio/commit/436822063ddfa2aa13f32c5eecadd7b8cd36df0d,TensorOpsAI/LLMstudio,web-flow
a10e52d058f3f990c6367244cd88678082992eaa,https://github.com/yukitowiz/rai/commit/a10e52d058f3f990c6367244cd88678082992eaa,yukitowiz/rai,web-flow
c53c06893f88a793f59562f649e0b9258b0a5877,https://github.com/JSONbored/claudepro-directory/commit/c53c06893f88a793f59562f649e0b9258b0a5877,JSONbored/claudepro-directory,web-flow
d003cce49694ce0140249386db96b655dbe58fa0,https://github.com/midodimori/langrepl/commit/d003cce49694ce0140249386db96b655dbe58fa0,midodimori/langrepl,web-flow
c2af905fdade47886ab6fe2a438fcdfd8d21e6c0,https://github.com/JSONbored/claudepro-directory/commit/c2af905fdade47886ab6fe2a438fcdfd8d21e6c0,JSONbored/claudepro-directory,web-flow
b6379d12c852ac9c428d0ec529d4ea8e66d9e2dd,https://github.com/enriquedlh97/base-platform-replit-v1-web/commit/b6379d12c852ac9c428d0ec529d4ea8e66d9e2dd,enriquedlh97/base-platform-replit-v1-web,web-flow
5c5653ac34746da33d80d6d66c975943a53413a8,https://github.com/benhorner-dev/portfolio/commit/5c5653ac34746da33d80d6d66c975943a53413a8,benhorner-dev/portfolio,web-flow
f2c1dc00d6e4dc629231ce31614103ef261267e1,https://github.com/ssdeanx/langgraph-dm/commit/f2c1dc00d6e4dc629231ce31614103ef261267e1,ssdeanx/langgraph-dm,ssdeanx
e7cd19cc538f3f5156dd717c457d73df6b6dae67,https://github.com/Lostovayne/Agente-de-IA-usando-Next-y-Langchain/commit/e7cd19cc538f3f5156dd717c457d73df6b6dae67,Lostovayne/Agente-de-IA-usando-Next-y-Langchain,Lostovayne
77cb914582e48d995d16c17efa8ad86969e3c3ed,https://github.com/Synctest-hub/kibana/commit/77cb914582e48d995d16c17efa8ad86969e3c3ed,Synctest-hub/kibana,web-flow
a182e514eef17daa2936e60233855ec9aed0d2f4,https://github.com/dakora-labs/dakora/commit/a182e514eef17daa2936e60233855ec9aed0d2f4,dakora-labs/dakora,web-flow
cd4ae8150182b490955e25bbfc178fe2a8750f6f,https://github.com/googleapis/genai-toolbox/commit/cd4ae8150182b490955e25bbfc178fe2a8750f6f,googleapis/genai-toolbox,web-flow
b44b80ae3991ac76872bec46e622c51bb5ab4cea,https://github.com/luistorres/medabot/commit/b44b80ae3991ac76872bec46e622c51bb5ab4cea,luistorres/medabot,web-flow
ceed51b3c3c0eb237e1ec6f009d0389191b61035,https://github.com/mcp-use/mcp-use/commit/ceed51b3c3c0eb237e1ec6f009d0389191b61035,mcp-use/mcp-use,web-flow
f38aa2765db4cf5e882bfd5989cfa812453f434f,https://github.com/X-oss-byte/Nextjs/commit/f38aa2765db4cf5e882bfd5989cfa812453f434f,X-oss-byte/Nextjs,web-flow
d132f568cebfc27531bc84fce48bb2f44837b5c6,https://github.com/currentspace/dj/commit/d132f568cebfc27531bc84fce48bb2f44837b5c6,currentspace/dj,brianathere
d18800393450bd17610a63e95e045bf2008af076,https://github.com/chihiro723/NeuraKnot/commit/d18800393450bd17610a63e95e045bf2008af076,chihiro723/NeuraKnot,web-flow
71e23f167ce11d23e7e4fbdba2cd65b1bb9f58d2,https://github.com/CodeVader555/langflow/commit/71e23f167ce11d23e7e4fbdba2cd65b1bb9f58d2,CodeVader555/langflow,CodeVader555
9e1f8a0eda709d888c969142bd3b9e3ebe2c1aa3,https://github.com/Azure-Samples/azure-ai-travel-agents/commit/9e1f8a0eda709d888c969142bd3b9e3ebe2c1aa3,Azure-Samples/azure-ai-travel-agents,web-flow
0b460a2ade2632e47027664213ec36b640a74b8f,https://github.com/hackerai-tech/hackerai/commit/0b460a2ade2632e47027664213ec36b640a74b8f,hackerai-tech/hackerai,web-flow
e3d3817424c6fb213ade983a7370f0767ce10336,https://github.com/open-telemetry/opentelemetry-python-contrib/commit/e3d3817424c6fb213ade983a7370f0767ce10336,open-telemetry/opentelemetry-python-contrib,web-flow
deda534c201a329238a993d4a0b4ab9dd0345e04,https://github.com/arash-arora/langfuse/commit/deda534c201a329238a993d4a0b4ab9dd0345e04,arash-arora/langfuse,web-flow
2eca294a673a1e5e5d13bfde2860b29265bc5722,https://github.com/langfuse/langfuse/commit/2eca294a673a1e5e5d13bfde2860b29265bc5722,langfuse/langfuse,web-flow
c8be1217f4da599d036accf241757be50a1c6f37,https://github.com/X-oss-byte/Nextjs/commit/c8be1217f4da599d036accf241757be50a1c6f37,X-oss-byte/Nextjs,web-flow
c4bef1f65b3e9d21d1c4fa0d620b560858070617,https://github.com/profemzy/dzp/commit/c4bef1f65b3e9d21d1c4fa0d620b560858070617,profemzy/dzp,profemzy
90a2714495dfdbe49e06cfc25d91e755568c5ef6,https://github.com/idvorkin/nlp/commit/90a2714495dfdbe49e06cfc25d91e755568c5ef6,idvorkin/nlp,idvorkin
e0e06877ec7998da7db3bbb08719b79f554a52bd,https://github.com/ssumakant/asf-genesis/commit/e0e06877ec7998da7db3bbb08719b79f554a52bd,ssumakant/asf-genesis,web-flow
a034238ed5b84bcfea6988b21f5ec55df5ffb942,https://github.com/ssumakant/asf-genesis/commit/a034238ed5b84bcfea6988b21f5ec55df5ffb942,ssumakant/asf-genesis,web-flow
5fe18b3dedfdf2f99dd31aa42c6ec5918fac9841,https://github.com/theexperiencecompany/gaia/commit/5fe18b3dedfdf2f99dd31aa42c6ec5918fac9841,theexperiencecompany/gaia,web-flow
2b72c2690f83f8182d0cc5823dfe647407bd921d,https://github.com/rkbadhan/agent-with-file-system/commit/2b72c2690f83f8182d0cc5823dfe647407bd921d,rkbadhan/agent-with-file-system,claude
7a2a37b732a5fe056b74aa0083c643d2784d9c22,https://github.com/JFK/kagura-ai/commit/7a2a37b732a5fe056b74aa0083c643d2784d9c22,JFK/kagura-ai,web-flow
c7e53747d796b7b514d032cbba425d72cc97f6ea,https://github.com/charlesponti/hominem/commit/c7e53747d796b7b514d032cbba425d72cc97f6ea,charlesponti/hominem,web-flow
5cdd70299de7ce1d3aa0812f18c6a2f52efd9381,https://github.com/BernardoMoschen/i2a2_agent_final_project/commit/5cdd70299de7ce1d3aa0812f18c6a2f52efd9381,BernardoMoschen/i2a2_agent_final_project,web-flow
a5529bde9df12cf440f0a738d43ae4f92e1c1dfa,https://github.com/manonja/quickExpense/commit/a5529bde9df12cf440f0a738d43ae4f92e1c1dfa,manonja/quickExpense,web-flow
ca9284243fd623424b40511b80d653050dc299f7,https://github.com/drews/agentopia/commit/ca9284243fd623424b40511b80d653050dc299f7,drews/agentopia,web-flow
3cf3d139f419f3b17cbac3917c31bd7773455729,https://github.com/finitearth/promptolution/commit/3cf3d139f419f3b17cbac3917c31bd7773455729,finitearth/promptolution,web-flow
79e5c21137b20ff3c31b48ccc12e79fc192b3b22,https://github.com/X-oss-byte/Nextjs/commit/79e5c21137b20ff3c31b48ccc12e79fc192b3b22,X-oss-byte/Nextjs,web-flow
faf0078674c9986203145fdbd2c2f1c695bba504,https://github.com/X-oss-byte/Nextjs/commit/faf0078674c9986203145fdbd2c2f1c695bba504,X-oss-byte/Nextjs,web-flow
98440cff7b3979ec48a27cf2eda19b1f3f094832,https://github.com/X-oss-byte/Nextjs/commit/98440cff7b3979ec48a27cf2eda19b1f3f094832,X-oss-byte/Nextjs,web-flow
6c4267d706d4283733bc27dbc0e41875fbe82f04,https://github.com/X-oss-byte/Nextjs/commit/6c4267d706d4283733bc27dbc0e41875fbe82f04,X-oss-byte/Nextjs,web-flow
22458c55d5d65b3665b800554d84b0ae021cc5b9,https://github.com/X-oss-byte/Nextjs/commit/22458c55d5d65b3665b800554d84b0ae021cc5b9,X-oss-byte/Nextjs,web-flow
ac88be976a210fd597e70d0a70be5e466af2a2a4,https://github.com/X-oss-byte/Nextjs/commit/ac88be976a210fd597e70d0a70be5e466af2a2a4,X-oss-byte/Nextjs,web-flow
9192dba13efb41f97d925c4670948f70027f3e7e,https://github.com/X-oss-byte/Nextjs/commit/9192dba13efb41f97d925c4670948f70027f3e7e,X-oss-byte/Nextjs,web-flow
ed32a6554a82c84f17eb2282a1168cd23e846490,https://github.com/X-oss-byte/Nextjs/commit/ed32a6554a82c84f17eb2282a1168cd23e846490,X-oss-byte/Nextjs,web-flow
e298189a7569f498ef0a994b5903d52d0145e7e7,https://github.com/X-oss-byte/Nextjs/commit/e298189a7569f498ef0a994b5903d52d0145e7e7,X-oss-byte/Nextjs,web-flow
ac4c4bda99acddbe4d99b1e85fe37f4010c34983,https://github.com/X-oss-byte/Nextjs/commit/ac4c4bda99acddbe4d99b1e85fe37f4010c34983,X-oss-byte/Nextjs,web-flow
0888c2a07e3c7bac0b002ada2274a3b77a50c70a,https://github.com/X-oss-byte/Nextjs/commit/0888c2a07e3c7bac0b002ada2274a3b77a50c70a,X-oss-byte/Nextjs,web-flow
d85c278576cf15998ccfc79676d07045150518ea,https://github.com/wpsmith/mercury/commit/d85c278576cf15998ccfc79676d07045150518ea,wpsmith/mercury,web-flow
5543e465241903f7b83bda79612c3c5e0c02251b,https://github.com/wpsmith/mercury/commit/5543e465241903f7b83bda79612c3c5e0c02251b,wpsmith/mercury,web-flow
c3f12c72db6b584c2141ea91642f05120824f12d,https://github.com/davisknowles/genai-cookbook/commit/c3f12c72db6b584c2141ea91642f05120824f12d,davisknowles/genai-cookbook,web-flow
18134a66e91e87e8c23cacb128d8b929f77be3d6,https://github.com/intel/Enterprise-RAG/commit/18134a66e91e87e8c23cacb128d8b929f77be3d6,intel/Enterprise-RAG,web-flow
73df2182de4e906be649f8a33ca911a6d4e66169,https://github.com/sadfsjg/axiestudio-lang/commit/73df2182de4e906be649f8a33ca911a6d4e66169,sadfsjg/axiestudio-lang,web-flow
46cfc1b98d26090cdb2e19dc3de0441157663e6e,https://github.com/theexperiencecompany/gaia/commit/46cfc1b98d26090cdb2e19dc3de0441157663e6e,theexperiencecompany/gaia,web-flow
9ac8b1a6fd67c64553efc717a31158e355a59ee6,https://github.com/langbot-app/LangBot/commit/9ac8b1a6fd67c64553efc717a31158e355a59ee6,langbot-app/LangBot,web-flow
5619ded9bb7cc57f27b79f7229ce5e475c284da7,https://github.com/biocypher/karenina/commit/5619ded9bb7cc57f27b79f7229ce5e475c284da7,biocypher/karenina,web-flow
ec508436e8fe9f7bdf4169b50de9f3d8df1f9c04,https://github.com/ScienceOL/Xyzen/commit/ec508436e8fe9f7bdf4169b50de9f3d8df1f9c04,ScienceOL/Xyzen,web-flow
2603bf5822ab3df95c9c231c0610b2e805642edb,https://github.com/YongzhQi/stock-prediction/commit/2603bf5822ab3df95c9c231c0610b2e805642edb,YongzhQi/stock-prediction,YongzhQi
18a8a6f141b1eb9d721e76197109d3b3b956ff06,https://github.com/luckystarufo/personal_assistants/commit/18a8a6f141b1eb9d721e76197109d3b3b956ff06,luckystarufo/personal_assistants,luckystarufo
dcf9372639fc55701154c9749d171ed9027303cf,https://github.com/openvinotoolkit/openvino.genai/commit/dcf9372639fc55701154c9749d171ed9027303cf,openvinotoolkit/openvino.genai,web-flow
359bfc571ff56a158b49e1ee82ffc95a2f73dc90,https://github.com/JSONbored/claudepro-directory/commit/359bfc571ff56a158b49e1ee82ffc95a2f73dc90,JSONbored/claudepro-directory,web-flow
f0ee5ba75154ce838124b8e5bfe4f5c8f3bf2f85,https://github.com/MehdiZare/seekr-assignment/commit/f0ee5ba75154ce838124b8e5bfe4f5c8f3bf2f85,MehdiZare/seekr-assignment,MehdiZare
acfa16eec839c4d1e5f004e356cefc702a5a37ee,https://github.com/JBoggsy/aipa/commit/acfa16eec839c4d1e5f004e356cefc702a5a37ee,JBoggsy/aipa,JBoggsy
77633aae8b79ebc692ae9a213d7ffb4f9bbd7f93,https://github.com/KameniAlexNea/ludo-king-ai/commit/77633aae8b79ebc692ae9a213d7ffb4f9bbd7f93,KameniAlexNea/ludo-king-ai,web-flow
c062b9174968e3b4926104ff961d43c8593a0b8d,https://github.com/saiteja-puttoju/ai-youtube-assistant/commit/c062b9174968e3b4926104ff961d43c8593a0b8d,saiteja-puttoju/ai-youtube-assistant,saiteja-puttoju
eb80155e80a00a04e54bfeb19d1c18381c7925de,https://github.com/NaifMersal/Legal-assistant/commit/eb80155e80a00a04e54bfeb19d1c18381c7925de,NaifMersal/Legal-assistant,hamad1000
4a55a3b0849204898d117678e5026edcc5a1c4bb,https://github.com/mangalrohit-eng/shakespearean-translator/commit/4a55a3b0849204898d117678e5026edcc5a1c4bb,mangalrohit-eng/shakespearean-translator,mangalrohit-eng
70e006ef3c47e51254a9f85f00ae806278e5da0d,https://github.com/LongStoryMedia/llmmllab/commit/70e006ef3c47e51254a9f85f00ae806278e5da0d,LongStoryMedia/llmmllab,
bd039cf3022ea95a6a4329f93cbb944ac369b410,https://github.com/Svring/brain/commit/bd039cf3022ea95a6a4329f93cbb944ac369b410,Svring/brain,Svring
3cbd0d6603d364355c991a956a2f928b63b2b771,https://github.com/mihiarc/rpa-landuse/commit/3cbd0d6603d364355c991a956a2f928b63b2b771,mihiarc/rpa-landuse,mihiarc
d9a6b5d1310be287e98e09d60fd222693383472c,https://github.com/AhmedShetaia/Finincial_ChatBot/commit/d9a6b5d1310be287e98e09d60fd222693383472c,AhmedShetaia/Finincial_ChatBot,AhmedShetaia
84365f48d52394fe39ed9ad9e8174a26ba1b9a8f,https://github.com/shskwmt/hikizan-emacs/commit/84365f48d52394fe39ed9ad9e8174a26ba1b9a8f,shskwmt/hikizan-emacs,shskwmt
43e4c3b652563f0485be14a0f6cdb137b1570e27,https://github.com/andysalerno/llm-at-home/commit/43e4c3b652563f0485be14a0f6cdb137b1570e27,andysalerno/llm-at-home,web-flow
180ff70e4612b4998cc08cfd5c671471baec4c1d,https://github.com/Monthlyaway/AI-Conversation/commit/180ff70e4612b4998cc08cfd5c671471baec4c1d,Monthlyaway/AI-Conversation,Monthlyaway
e5d5e61cfc4f253681c436eab5c701da1d20d17a,https://github.com/AnaqiAmir/FlavorFusion/commit/e5d5e61cfc4f253681c436eab5c701da1d20d17a,AnaqiAmir/FlavorFusion,web-flow
9209e998e6d8a202bcfebfb34ccc01871d64105d,https://github.com/syw2014/mcp-use/commit/9209e998e6d8a202bcfebfb34ccc01871d64105d,syw2014/mcp-use,web-flow
de968715f6b0367b662e2af455bd303c0033b0fc,https://github.com/roberto-cassio/chatbot/commit/de968715f6b0367b662e2af455bd303c0033b0fc,roberto-cassio/chatbot,
d9b93aafb3b31704574d6660e0c253bb999211e2,https://github.com/comet-ml/opik/commit/d9b93aafb3b31704574d6660e0c253bb999211e2,comet-ml/opik,web-flow
3d05b4fafa87456256cf84b5b43464a2d9a78e2f,https://github.com/Gfermoto/HASSio_Cursor/commit/3d05b4fafa87456256cf84b5b43464a2d9a78e2f,Gfermoto/HASSio_Cursor,
c0535036052438abed0a2f9935713fed368b7162,https://github.com/pisakhov/Chatbot-Artifact-Detection/commit/c0535036052438abed0a2f9935713fed368b7162,pisakhov/Chatbot-Artifact-Detection,pisakhov
1e1b21945ae2ee1a3b2c40266163ca253702e28c,https://github.com/biocypher/karenina-gui/commit/1e1b21945ae2ee1a3b2c40266163ca253702e28c,biocypher/karenina-gui,web-flow
9b9e854fb4369a73c591bc561c475e33722d2144,https://github.com/himudigonda/agentum-framework/commit/9b9e854fb4369a73c591bc561c475e33722d2144,himudigonda/agentum-framework,himudigonda
f3c44dfb4797930132065c4038bf7e0604cf86cf,https://github.com/TuberRishi/Kisan_Dost_AI/commit/f3c44dfb4797930132065c4038bf7e0604cf86cf,TuberRishi/Kisan_Dost_AI,google-labs-jules[bot]
73661de7d12d6d6f0e36588426282661e70b20e9,https://github.com/GuillermoBlanco/ai-knowledge-assistant/commit/73661de7d12d6d6f0e36588426282661e70b20e9,GuillermoBlanco/ai-knowledge-assistant,
84619bec7c4e931b582af5dafce418c23211bad1,https://github.com/arterm-sedov/cmw-platform-agent/commit/84619bec7c4e931b582af5dafce418c23211bad1,arterm-sedov/cmw-platform-agent,arterm-sedov
6e3491bb5fb542b18965482461a7015103417bd7,https://github.com/X-oss-byte/Nextjs/commit/6e3491bb5fb542b18965482461a7015103417bd7,X-oss-byte/Nextjs,web-flow
6f012fe2c78fb9a1dfadc91b5a8e7014a1a575d5,https://github.com/X-oss-byte/Nextjs/commit/6f012fe2c78fb9a1dfadc91b5a8e7014a1a575d5,X-oss-byte/Nextjs,web-flow
0c706c7b2dd24e9c2ec49802556a6de90d505566,https://github.com/TBice123123/langchain-dev-utils/commit/0c706c7b2dd24e9c2ec49802556a6de90d505566,TBice123123/langchain-dev-utils,TBice123123
110382543d6eb133e928a35a55c6439827e92eaf,https://github.com/codekiln/langstar/commit/110382543d6eb133e928a35a55c6439827e92eaf,codekiln/langstar,web-flow
ee1eca2a03edfe4033f181fe079bbc54a2505627,https://github.com/m-ross-thornton/resume-narrator/commit/ee1eca2a03edfe4033f181fe079bbc54a2505627,m-ross-thornton/resume-narrator,m-ross-thornton
2017ed213f8b7c7c27b3f2bd7e3b09f24944f130,https://github.com/CanadaDevOpsCommunity2025/GenAI-Agents-Tailored-Banking-Guidance/commit/2017ed213f8b7c7c27b3f2bd7e3b09f24944f130,CanadaDevOpsCommunity2025/GenAI-Agents-Tailored-Banking-Guidance,
833333389a5400d79e0b02ed39a24bdf36580cfd,https://github.com/LuisNSantana/cleo-agent/commit/833333389a5400d79e0b02ed39a24bdf36580cfd,LuisNSantana/cleo-agent,LuisNSantana
b72c9e95fd4a293f303dafe4f5bdc9462a85cce2,https://github.com/NOAA-GSL/VxIngest/commit/b72c9e95fd4a293f303dafe4f5bdc9462a85cce2,NOAA-GSL/VxIngest,web-flow
1381c670e8c475780575329ffe8af8f6af4fec9d,https://github.com/miem-refugees/travel-agent/commit/1381c670e8c475780575329ffe8af8f6af4fec9d,miem-refugees/travel-agent,web-flow
6ec0718e18fa6665c17a5d121f75e948faba96af,https://github.com/Justiceleeg/MessageAI/commit/6ec0718e18fa6665c17a5d121f75e948faba96af,Justiceleeg/MessageAI,Justiceleeg
de4c24820cd5967f1abff5f4af6dafab0207e618,https://github.com/NirelNemirovsky/aigie-io/commit/de4c24820cd5967f1abff5f4af6dafab0207e618,NirelNemirovsky/aigie-io,NirelNemirovsky
bd039cf3022ea95a6a4329f93cbb944ac369b410,https://github.com/Svring/brain/commit/bd039cf3022ea95a6a4329f93cbb944ac369b410,Svring/brain,Svring
3854c2b3408f91e5aebbebd2c1373e4568ef0f4d,https://github.com/hoshinotsuyoshi/study-liam/commit/3854c2b3408f91e5aebbebd2c1373e4568ef0f4d,hoshinotsuyoshi/study-liam,junkisai
92b07a63d632f096d47e7c4a2bb0964c8b2029f2,https://github.com/knl/dotskel/commit/92b07a63d632f096d47e7c4a2bb0964c8b2029f2,knl/dotskel,knl
9657b08ba96d19996646c00776cf5872040f0bd6,https://github.com/idvorkin/nlp/commit/9657b08ba96d19996646c00776cf5872040f0bd6,idvorkin/nlp,idvorkin
b9548d49344e24f7e1897a6b29bf9e5ac752ea25,https://github.com/diegojlima/AIppointment/commit/b9548d49344e24f7e1897a6b29bf9e5ac752ea25,diegojlima/AIppointment,diegojlima
4ca089ad6591a366619434ff86030fb69a667e58,https://github.com/Project-Indigo-HQ/indigobot/commit/4ca089ad6591a366619434ff86030fb69a667e58,Project-Indigo-HQ/indigobot,kk60503
daf72a5d3f1c653904a4a1c848a68c42d7f01786,https://github.com/dancxjo/psyche/commit/daf72a5d3f1c653904a4a1c848a68c42d7f01786,dancxjo/psyche,dancxjo
c4984837ccacefe52aa839043b5a27d8e241a8bf,https://github.com/MarjovanLier/ConventionalCommitAgent/commit/c4984837ccacefe52aa839043b5a27d8e241a8bf,MarjovanLier/ConventionalCommitAgent,web-flow
0787f73b1d3dfc74633a3fee1686bae0ee9a40e4,https://github.com/jbcom/ai_game_dev/commit/0787f73b1d3dfc74633a3fee1686bae0ee9a40e4,jbcom/ai_game_dev,web-flow
5a680b53a9edfef535f2854c347c11f42bb9716f,https://github.com/palinopr/outletbot/commit/5a680b53a9edfef535f2854c347c11f42bb9716f,palinopr/outletbot,
bc68aed70eaa5d58423fc3f4ddc9d84fbee3a382,https://github.com/basnijholt/assistant-ui-anywidget/commit/bc68aed70eaa5d58423fc3f4ddc9d84fbee3a382,basnijholt/assistant-ui-anywidget,basnijholt
a9cc84d937bf4e19bf605d428c97d60b9033d6db,https://github.com/walterra/eddoapp/commit/a9cc84d937bf4e19bf605d428c97d60b9033d6db,walterra/eddoapp,web-flow
08630744dc8af9493877a398c94b66b6fa34ce0b,https://github.com/MeldAiLabs/Meld/commit/08630744dc8af9493877a398c94b66b6fa34ce0b,MeldAiLabs/Meld,realsungeunchoi
5cf2f98e2a4e59acbc8bafc966bc938fb1fb3c42,https://github.com/cristianomozart/instagram-content-pipeline/commit/5cf2f98e2a4e59acbc8bafc966bc938fb1fb3c42,cristianomozart/instagram-content-pipeline,cristianomozart
defbd738e2705cabf3bdf95fbfd0bdd1d08f507b,https://github.com/ScientiaCapital/sales-agent/commit/defbd738e2705cabf3bdf95fbfd0bdd1d08f507b,ScientiaCapital/sales-agent,ScientiaCapital
e0560f8bc6397084890590771f0aabcc9817fd66,https://github.com/lucelsbyleverageAI/agent-os-starter-kit/commit/e0560f8bc6397084890590771f0aabcc9817fd66,lucelsbyleverageAI/agent-os-starter-kit,web-flow
a4b008314129aa61f156f37777e90e038f4cd5be,https://github.com/vishnu2kmohan/mcp-server-langgraph/commit/a4b008314129aa61f156f37777e90e038f4cd5be,vishnu2kmohan/mcp-server-langgraph,vishnu2kmohan
a406db571945b589caa0a613665c277e00837f4e,https://github.com/inabagumi/shinju-date/commit/a406db571945b589caa0a613665c277e00837f4e,inabagumi/shinju-date,web-flow
cef9d6dcbfa252469ce0821b2dfab3ee1722fd6e,https://github.com/ASTXRTYS/DEEP-AI/commit/cef9d6dcbfa252469ce0821b2dfab3ee1722fd6e,ASTXRTYS/DEEP-AI,ASTXRTYS
5be1f147dddf635ec5dc30efe1da772835f5f0bc,https://github.com/LecoMV/webdevagents/commit/5be1f147dddf635ec5dc30efe1da772835f5f0bc,LecoMV/webdevagents,claude
1dcd1e6122fbdd1711dc55fc14ad604d1e8a471c,https://github.com/vishnu2kmohan/mcp-server-langgraph/commit/1dcd1e6122fbdd1711dc55fc14ad604d1e8a471c,vishnu2kmohan/mcp-server-langgraph,vishnu2kmohan
42e22be41d6c3ecbda9a409619c889b5b4bea86c,https://github.com/nexi-lab/nexus/commit/42e22be41d6c3ecbda9a409619c889b5b4bea86c,nexi-lab/nexus,web-flow
cc01e2aed1f1f3f7380eeecd744953e91abd2a11,https://github.com/Arc-Computer/atlas-sdk/commit/cc01e2aed1f1f3f7380eeecd744953e91abd2a11,Arc-Computer/atlas-sdk,jbarnes850
8c03929d6753ee73b0e82dc52a1943426d4583f0,https://github.com/Svring/brain/commit/8c03929d6753ee73b0e82dc52a1943426d4583f0,Svring/brain,Svring
9cea4a53594d29643935032a81b82acc27617820,https://github.com/rparkin1/wealthNavigator/commit/9cea4a53594d29643935032a81b82acc27617820,rparkin1/wealthNavigator,rparkin-ibm
765518db4973e1e5197ff86b7eaf042e956eed3e,https://github.com/ckifonidis/langgraph-chatkit-integration/commit/765518db4973e1e5197ff86b7eaf042e956eed3e,ckifonidis/langgraph-chatkit-integration,
d6fc24b5aee7090ed275cbf63059cc4e684c7d47,https://github.com/mdean77a/Vibe-Clinical-Trials/commit/d6fc24b5aee7090ed275cbf63059cc4e684c7d47,mdean77a/Vibe-Clinical-Trials,mdean77a
3340ec736efb10025904e2f335e9826fa53d85f4,https://github.com/aimug-org/austin_langchain/commit/3340ec736efb10025904e2f335e9826fa53d85f4,aimug-org/austin_langchain,that1guy15
f0fffed32dd18dc64c4ac99fa1ae8b6afc65cbd3,https://github.com/vvojtas/teacher_assist/commit/f0fffed32dd18dc64c4ac99fa1ae8b6afc65cbd3,vvojtas/teacher_assist,web-flow
591a28fbbc6790934cf0c05f89fed17467c68206,https://github.com/WIMUniCologne/agentic_artificial_intelligence/commit/591a28fbbc6790934cf0c05f89fed17467c68206,WIMUniCologne/agentic_artificial_intelligence,tockenga
682feaaccedb2d05d09c5cf17d631f10eb0987c5,https://github.com/CaptainCrouton89/Saturn/commit/682feaaccedb2d05d09c5cf17d631f10eb0987c5,CaptainCrouton89/Saturn,CaptainCrouton89
9baf66bcf12de8c6e1c8b7a90eb99d6a6d5836f8,https://github.com/rabindrakharel/pmo/commit/9baf66bcf12de8c6e1c8b7a90eb99d6a6d5836f8,rabindrakharel/pmo,claude
9f0205bc1ea1c8933e54d2f2767af1b54d7a5381,https://github.com/TencentBlueKing/bk-lite/commit/9f0205bc1ea1c8933e54d2f2767af1b54d7a5381,TencentBlueKing/bk-lite,xiaomaijiang
40b3147c3225b175dff8d17145a93a059a80dce8,https://github.com/AIProjects8/multiagent-telegram/commit/40b3147c3225b175dff8d17145a93a059a80dce8,AIProjects8/multiagent-telegram,lukasztaraszka
201f715da0f3775882335d39d55a4f90f9e21e45,https://github.com/biocypher/karenina/commit/201f715da0f3775882335d39d55a4f90f9e21e45,biocypher/karenina,web-flow
4a56003b11bc75d7f50155699438d2b34444153e,https://github.com/aliabbas-alt/School_RAG/commit/4a56003b11bc75d7f50155699438d2b34444153e,aliabbas-alt/School_RAG,khasim007q
f84dffd8c62bd1da3776d621087540355374d3b0,https://github.com/ChanukaWelagedara/smart-recruitment-ai/commit/f84dffd8c62bd1da3776d621087540355374d3b0,ChanukaWelagedara/smart-recruitment-ai,ChanukaWelagedara
ad59db504daa798862aeafb880b9f357691b1812,https://github.com/Ziyan0219/data-cleaning-agent/commit/ad59db504daa798862aeafb880b9f357691b1812,Ziyan0219/data-cleaning-agent,Ziyan0219
e58b6942d9e4d7491569887d7070bdb6305d4254,https://github.com/allthriveai/allthriveai/commit/e58b6942d9e4d7491569887d7070bdb6305d4254,allthriveai/allthriveai,web-flow
459e7aa2c4f524ff91928f58e8edc2d240d083eb,https://github.com/tnorlund/Portfolio/commit/459e7aa2c4f524ff91928f58e8edc2d240d083eb,tnorlund/Portfolio,web-flow
75222c6df01b79c3ed5951c35e76af38c0a6b986,https://github.com/jbcom/python-agentic-crew/commit/75222c6df01b79c3ed5951c35e76af38c0a6b986,jbcom/python-agentic-crew,web-flow
278685d88d713b294c8dc07a8d6f466e3c1bff3a,https://github.com/ojfbot/cv-builder/commit/278685d88d713b294c8dc07a8d6f466e3c1bff3a,ojfbot/cv-builder,ojfbot
683c3eb6aec76dfb1c0016b5d33e9c00951f5d71,https://github.com/ArieGoldkin/SkillForge/commit/683c3eb6aec76dfb1c0016b5d33e9c00951f5d71,ArieGoldkin/SkillForge,web-flow
6da2e1a23c2ecd505dced098c8f1a9dc568cec34,https://github.com/vvojtas/teacher_assist/commit/6da2e1a23c2ecd505dced098c8f1a9dc568cec34,vvojtas/teacher_assist,web-flow
c30a661083eab0c9b5f7bfd08720e47eb275b239,https://github.com/tnorlund/Portfolio/commit/c30a661083eab0c9b5f7bfd08720e47eb275b239,tnorlund/Portfolio,web-flow
6ec67f4844c5d44d7d83f8a5ebd4e80a877bda8c,https://github.com/deadmanoz/orchestra/commit/6ec67f4844c5d44d7d83f8a5ebd4e80a877bda8c,deadmanoz/orchestra,web-flow
027d4a8fbfe982af04892dbe58054dac941e5d69,https://github.com/Autopsias/RAGLite/commit/027d4a8fbfe982af04892dbe58054dac941e5d69,Autopsias/RAGLite,web-flow
96572daf769be6ebab224dd14dc21f292db35292,https://github.com/lucelsbyleverageAI/agent-os-starter-kit/commit/96572daf769be6ebab224dd14dc21f292db35292,lucelsbyleverageAI/agent-os-starter-kit,web-flow
a91c9b38f5d38193e8766233ee72cc3401d2bca8,https://github.com/ChrisSc/prompt-chaining/commit/a91c9b38f5d38193e8766233ee72cc3401d2bca8,ChrisSc/prompt-chaining,web-flow
4652f3b8eedf82f598988a0d9efcbd9d26fb77b0,https://github.com/alexcatdad/Profile/commit/4652f3b8eedf82f598988a0d9efcbd9d26fb77b0,alexcatdad/Profile,web-flow
ce2dbb5d1e45e9a8c7a6acebebf4eb56a617a4eb,https://github.com/JSONbored/claudepro-directory/commit/ce2dbb5d1e45e9a8c7a6acebebf4eb56a617a4eb,JSONbored/claudepro-directory,web-flow
537abb3eecd2efd2f0ee09b6c74d83adab7e5dc7,https://github.com/A-iCan/AiCan_2.0/commit/537abb3eecd2efd2f0ee09b6c74d83adab7e5dc7,A-iCan/AiCan_2.0,web-flow
d122d1413975790af0276d6f3a1bc0a94c50b3ef,https://github.com/wecode-ai/Wegent/commit/d122d1413975790af0276d6f3a1bc0a94c50b3ef,wecode-ai/Wegent,web-flow
0d39b6e06b03455ff2220b1a5fdd9d5c6e6d3348,https://github.com/nexi-lab/nexus/commit/0d39b6e06b03455ff2220b1a5fdd9d5c6e6d3348,nexi-lab/nexus,web-flow
008bf610f6c429ced901e2f4c8a6284584aea375,https://github.com/nexi-lab/nexus/commit/008bf610f6c429ced901e2f4c8a6284584aea375,nexi-lab/nexus,web-flow
7bfc61b2f5c7fe98a432765188c73535868d7df4,https://github.com/irron2004/llm-agent-v2/commit/7bfc61b2f5c7fe98a432765188c73535868d7df4,irron2004/llm-agent-v2,web-flow
8cbb047ac27f991dabcf6396302653add7db33a7,https://github.com/HuskyDanny/FinancialAgent/commit/8cbb047ac27f991dabcf6396302653add7db33a7,HuskyDanny/FinancialAgent,web-flow
4ade40c48dedaac3bb1cf4789b58295589ee3803,https://github.com/existential-birds/amelia/commit/4ade40c48dedaac3bb1cf4789b58295589ee3803,existential-birds/amelia,web-flow
fab9fa816457dc2a98984bec68b1d4871262e73c,https://github.com/tnorlund/Portfolio/commit/fab9fa816457dc2a98984bec68b1d4871262e73c,tnorlund/Portfolio,web-flow
4981a5da00ce6dfb3f0f466a810f903085252ff5,https://github.com/existential-birds/amelia/commit/4981a5da00ce6dfb3f0f466a810f903085252ff5,existential-birds/amelia,web-flow
785f6934ca4f695b28c15fdb5f368f138cedac82,https://github.com/vishnu2kmohan/mcp-server-langgraph/commit/785f6934ca4f695b28c15fdb5f368f138cedac82,vishnu2kmohan/mcp-server-langgraph,web-flow
b931a46bedbb1ef29eed2746e785cea191a71683,https://github.com/tnorlund/Portfolio/commit/b931a46bedbb1ef29eed2746e785cea191a71683,tnorlund/Portfolio,web-flow
c402cd1f5fdfdc33e14e2d8c63a64881b43a2c71,https://github.com/agentic-dev-library/crew/commit/c402cd1f5fdfdc33e14e2d8c63a64881b43a2c71,agentic-dev-library/crew,web-flow
1107cae3278a1eac1ad065c11a3a69322a2c4bce,https://github.com/agentic-dev-library/crew/commit/1107cae3278a1eac1ad065c11a3a69322a2c4bce,agentic-dev-library/crew,web-flow
eb1b44b9344904d60b183d5e7a034fd50973e4a2,https://github.com/existential-birds/amelia/commit/eb1b44b9344904d60b183d5e7a034fd50973e4a2,existential-birds/amelia,web-flow
e2233612bd0301dd3bb601b143bdb558cce2c832,https://github.com/Thosam1/pv-monitoring-platform/commit/e2233612bd0301dd3bb601b143bdb558cce2c832,Thosam1/pv-monitoring-platform,web-flow
ffe23613dfa5a90e3b03cff809114aa21df74599,https://github.com/stride-nyc/export-langsmith-data/commit/ffe23613dfa5a90e3b03cff809114aa21df74599,stride-nyc/export-langsmith-data,web-flow
6c0a82465e154596a385c350883ac48e6c936bd6,https://github.com/vergnesf/python-otel-project-demo/commit/6c0a82465e154596a385c350883ac48e6c936bd6,vergnesf/python-otel-project-demo,web-flow
ef6ed6fa475a79cf6a52c3a5bf405c8d3a94414b,https://github.com/Annotation-Garden/HEDit/commit/ef6ed6fa475a79cf6a52c3a5bf405c8d3a94414b,Annotation-Garden/HEDit,web-flow